name,alpha-2,alpha-3,country-code,iso_3166-2,region,sub-region,intermediate-region,region-code,sub-region-code,intermediate-region-code,flag_w40_url,flag_w32_waving_url
"Afghanistan","AF","AFG","004","ISO 3166-2:AF","Asia","Southern Asia","","142","034","",https://gainy-static-production.s3.amazonaws.com/flags/w40/af.png,https://gainy-static-production.s3.amazonaws.com/flags/32x24/af.png
"Åland Islands","AX","ALA","248","ISO 3166-2:AX","Europe","Northern Europe","","150","154","",https://gainy-static-production.s3.amazonaws.com/flags/w40/ax.png,https://gainy-static-production.s3.amazonaws.com/flags/32x24/ax.png
"Albania","AL","ALB","008","ISO 3166-2:AL","Europe","Southern Europe","","150","039","",https://gainy-static-production.s3.amazonaws.com/flags/w40/al.png,https://gainy-static-production.s3.amazonaws.com/flags/32x24/al.png
"Algeria","DZ","DZA","012","ISO 3166-2:DZ","Africa","Northern Africa","","002","015","",https://gainy-static-production.s3.amazonaws.com/flags/w40/dz.png,https://gainy-static-production.s3.amazonaws.com/flags/32x24/dz.png
"American Samoa","AS","ASM","016","ISO 3166-2:AS","Oceania","Polynesia","","009","061","",https://gainy-static-production.s3.amazonaws.com/flags/w40/as.png,https://gainy-static-production.s3.amazonaws.com/flags/32x24/as.png
"Andorra","AD","AND","020","ISO 3166-2:AD","Europe","Southern Europe","","150","039","",https://gainy-static-production.s3.amazonaws.com/flags/w40/ad.png,https://gainy-static-production.s3.amazonaws.com/flags/32x24/ad.png
"Angola","AO","AGO","024","ISO 3166-2:AO","Africa","Sub-Saharan Africa","Middle Africa","002","202","017",https://gainy-static-production.s3.amazonaws.com/flags/w40/ao.png,https://gainy-static-production.s3.amazonaws.com/flags/32x24/ao.png
"Anguilla","AI","AIA","660","ISO 3166-2:AI","Americas","Latin America and the Caribbean","Caribbean","019","419","029",https://gainy-static-production.s3.amazonaws.com/flags/w40/ai.png,https://gainy-static-production.s3.amazonaws.com/flags/32x24/ai.png
"Antarctica","AQ","ATA","010","ISO 3166-2:AQ","","","","","","",https://gainy-static-production.s3.amazonaws.com/flags/w40/aq.png,https://gainy-static-production.s3.amazonaws.com/flags/32x24/aq.png
"Antigua and Barbuda","AG","ATG","028","ISO 3166-2:AG","Americas","Latin America and the Caribbean","Caribbean","019","419","029",https://gainy-static-production.s3.amazonaws.com/flags/w40/ag.png,https://gainy-static-production.s3.amazonaws.com/flags/32x24/ag.png
"Argentina","AR","ARG","032","ISO 3166-2:AR","Americas","Latin America and the Caribbean","South America","019","419","005",https://gainy-static-production.s3.amazonaws.com/flags/w40/ar.png,https://gainy-static-production.s3.amazonaws.com/flags/32x24/ar.png
"Armenia","AM","ARM","051","ISO 3166-2:AM","Asia","Western Asia","","142","145","",https://gainy-static-production.s3.amazonaws.com/flags/w40/am.png,https://gainy-static-production.s3.amazonaws.com/flags/32x24/am.png
"Aruba","AW","ABW","533","ISO 3166-2:AW","Americas","Latin America and the Caribbean","Caribbean","019","419","029",https://gainy-static-production.s3.amazonaws.com/flags/w40/aw.png,https://gainy-static-production.s3.amazonaws.com/flags/32x24/aw.png
"Australia","AU","AUS","036","ISO 3166-2:AU","Oceania","Australia and New Zealand","","009","053","",https://gainy-static-production.s3.amazonaws.com/flags/w40/au.png,https://gainy-static-production.s3.amazonaws.com/flags/32x24/au.png
"Austria","AT","AUT","040","ISO 3166-2:AT","Europe","Western Europe","","150","155","",https://gainy-static-production.s3.amazonaws.com/flags/w40/at.png,https://gainy-static-production.s3.amazonaws.com/flags/32x24/at.png
"Azerbaijan","AZ","AZE","031","ISO 3166-2:AZ","Asia","Western Asia","","142","145","",https://gainy-static-production.s3.amazonaws.com/flags/w40/az.png,https://gainy-static-production.s3.amazonaws.com/flags/32x24/az.png
"Bahamas","BS","BHS","044","ISO 3166-2:BS","Americas","Latin America and the Caribbean","Caribbean","019","419","029",https://gainy-static-production.s3.amazonaws.com/flags/w40/bs.png,https://gainy-static-production.s3.amazonaws.com/flags/32x24/bs.png
"Bahrain","BH","BHR","048","ISO 3166-2:BH","Asia","Western Asia","","142","145","",https://gainy-static-production.s3.amazonaws.com/flags/w40/bh.png,https://gainy-static-production.s3.amazonaws.com/flags/32x24/bh.png
"Bangladesh","BD","BGD","050","ISO 3166-2:BD","Asia","Southern Asia","","142","034","",https://gainy-static-production.s3.amazonaws.com/flags/w40/bd.png,https://gainy-static-production.s3.amazonaws.com/flags/32x24/bd.png
"Barbados","BB","BRB","052","ISO 3166-2:BB","Americas","Latin America and the Caribbean","Caribbean","019","419","029",https://gainy-static-production.s3.amazonaws.com/flags/w40/bb.png,https://gainy-static-production.s3.amazonaws.com/flags/32x24/bb.png
"Belarus","BY","BLR","112","ISO 3166-2:BY","Europe","Eastern Europe","","150","151","",https://gainy-static-production.s3.amazonaws.com/flags/w40/by.png,https://gainy-static-production.s3.amazonaws.com/flags/32x24/by.png
"Belgium","BE","BEL","056","ISO 3166-2:BE","Europe","Western Europe","","150","155","",https://gainy-static-production.s3.amazonaws.com/flags/w40/be.png,https://gainy-static-production.s3.amazonaws.com/flags/32x24/be.png
"Belize","BZ","BLZ","084","ISO 3166-2:BZ","Americas","Latin America and the Caribbean","Central America","019","419","013",https://gainy-static-production.s3.amazonaws.com/flags/w40/bz.png,https://gainy-static-production.s3.amazonaws.com/flags/32x24/bz.png
"Benin","BJ","BEN","204","ISO 3166-2:BJ","Africa","Sub-Saharan Africa","Western Africa","002","202","011",https://gainy-static-production.s3.amazonaws.com/flags/w40/bj.png,https://gainy-static-production.s3.amazonaws.com/flags/32x24/bj.png
"Bermuda","BM","BMU","060","ISO 3166-2:BM","Americas","Northern America","","019","021","",https://gainy-static-production.s3.amazonaws.com/flags/w40/bm.png,https://gainy-static-production.s3.amazonaws.com/flags/32x24/bm.png
"Bhutan","BT","BTN","064","ISO 3166-2:BT","Asia","Southern Asia","","142","034","",https://gainy-static-production.s3.amazonaws.com/flags/w40/bt.png,https://gainy-static-production.s3.amazonaws.com/flags/32x24/bt.png
"Bolivia (Plurinational State of)","BO","BOL","068","ISO 3166-2:BO","Americas","Latin America and the Caribbean","South America","019","419","005",https://gainy-static-production.s3.amazonaws.com/flags/w40/bo.png,https://gainy-static-production.s3.amazonaws.com/flags/32x24/bo.png
"Bonaire, Sint Eustatius and Saba","BQ","BES","535","ISO 3166-2:BQ","Americas","Latin America and the Caribbean","Caribbean","019","419","029",https://gainy-static-production.s3.amazonaws.com/flags/w40/bq.png,https://gainy-static-production.s3.amazonaws.com/flags/32x24/bq.png
"Bosnia and Herzegovina","BA","BIH","070","ISO 3166-2:BA","Europe","Southern Europe","","150","039","",https://gainy-static-production.s3.amazonaws.com/flags/w40/ba.png,https://gainy-static-production.s3.amazonaws.com/flags/32x24/ba.png
"Botswana","BW","BWA","072","ISO 3166-2:BW","Africa","Sub-Saharan Africa","Southern Africa","002","202","018",https://gainy-static-production.s3.amazonaws.com/flags/w40/bw.png,https://gainy-static-production.s3.amazonaws.com/flags/32x24/bw.png
"Bouvet Island","BV","BVT","074","ISO 3166-2:BV","Americas","Latin America and the Caribbean","South America","019","419","005",https://gainy-static-production.s3.amazonaws.com/flags/w40/bv.png,https://gainy-static-production.s3.amazonaws.com/flags/32x24/bv.png
"Brazil","BR","BRA","076","ISO 3166-2:BR","Americas","Latin America and the Caribbean","South America","019","419","005",https://gainy-static-production.s3.amazonaws.com/flags/w40/br.png,https://gainy-static-production.s3.amazonaws.com/flags/32x24/br.png
"British Indian Ocean Territory","IO","IOT","086","ISO 3166-2:IO","Africa","Sub-Saharan Africa","Eastern Africa","002","202","014",https://gainy-static-production.s3.amazonaws.com/flags/w40/io.png,https://gainy-static-production.s3.amazonaws.com/flags/32x24/io.png
"Brunei Darussalam","BN","BRN","096","ISO 3166-2:BN","Asia","South-eastern Asia","","142","035","",https://gainy-static-production.s3.amazonaws.com/flags/w40/bn.png,https://gainy-static-production.s3.amazonaws.com/flags/32x24/bn.png
"Bulgaria","BG","BGR","100","ISO 3166-2:BG","Europe","Eastern Europe","","150","151","",https://gainy-static-production.s3.amazonaws.com/flags/w40/bg.png,https://gainy-static-production.s3.amazonaws.com/flags/32x24/bg.png
"Burkina Faso","BF","BFA","854","ISO 3166-2:BF","Africa","Sub-Saharan Africa","Western Africa","002","202","011",https://gainy-static-production.s3.amazonaws.com/flags/w40/bf.png,https://gainy-static-production.s3.amazonaws.com/flags/32x24/bf.png
"Burundi","BI","BDI","108","ISO 3166-2:BI","Africa","Sub-Saharan Africa","Eastern Africa","002","202","014",https://gainy-static-production.s3.amazonaws.com/flags/w40/bi.png,https://gainy-static-production.s3.amazonaws.com/flags/32x24/bi.png
"Cabo Verde","CV","CPV","132","ISO 3166-2:CV","Africa","Sub-Saharan Africa","Western Africa","002","202","011",https://gainy-static-production.s3.amazonaws.com/flags/w40/cv.png,https://gainy-static-production.s3.amazonaws.com/flags/32x24/cv.png
"Cambodia","KH","KHM","116","ISO 3166-2:KH","Asia","South-eastern Asia","","142","035","",https://gainy-static-production.s3.amazonaws.com/flags/w40/kh.png,https://gainy-static-production.s3.amazonaws.com/flags/32x24/kh.png
"Cameroon","CM","CMR","120","ISO 3166-2:CM","Africa","Sub-Saharan Africa","Middle Africa","002","202","017",https://gainy-static-production.s3.amazonaws.com/flags/w40/cm.png,https://gainy-static-production.s3.amazonaws.com/flags/32x24/cm.png
"Canada","CA","CAN","124","ISO 3166-2:CA","Americas","Northern America","","019","021","",https://gainy-static-production.s3.amazonaws.com/flags/w40/ca.png,https://gainy-static-production.s3.amazonaws.com/flags/32x24/ca.png
"Cayman Islands","KY","CYM","136","ISO 3166-2:KY","Americas","Latin America and the Caribbean","Caribbean","019","419","029",https://gainy-static-production.s3.amazonaws.com/flags/w40/ky.png,https://gainy-static-production.s3.amazonaws.com/flags/32x24/ky.png
"Central African Republic","CF","CAF","140","ISO 3166-2:CF","Africa","Sub-Saharan Africa","Middle Africa","002","202","017",https://gainy-static-production.s3.amazonaws.com/flags/w40/cf.png,https://gainy-static-production.s3.amazonaws.com/flags/32x24/cf.png
"Chad","TD","TCD","148","ISO 3166-2:TD","Africa","Sub-Saharan Africa","Middle Africa","002","202","017",https://gainy-static-production.s3.amazonaws.com/flags/w40/td.png,https://gainy-static-production.s3.amazonaws.com/flags/32x24/td.png
"Chile","CL","CHL","152","ISO 3166-2:CL","Americas","Latin America and the Caribbean","South America","019","419","005",https://gainy-static-production.s3.amazonaws.com/flags/w40/cl.png,https://gainy-static-production.s3.amazonaws.com/flags/32x24/cl.png
"China","CN","CHN","156","ISO 3166-2:CN","Asia","Eastern Asia","","142","030","",https://gainy-static-production.s3.amazonaws.com/flags/w40/cn.png,https://gainy-static-production.s3.amazonaws.com/flags/32x24/cn.png
"Christmas Island","CX","CXR","162","ISO 3166-2:CX","Oceania","Australia and New Zealand","","009","053","",https://gainy-static-production.s3.amazonaws.com/flags/w40/cx.png,https://gainy-static-production.s3.amazonaws.com/flags/32x24/cx.png
"Cocos (Keeling) Islands","CC","CCK","166","ISO 3166-2:CC","Oceania","Australia and New Zealand","","009","053","",https://gainy-static-production.s3.amazonaws.com/flags/w40/cc.png,https://gainy-static-production.s3.amazonaws.com/flags/32x24/cc.png
"Colombia","CO","COL","170","ISO 3166-2:CO","Americas","Latin America and the Caribbean","South America","019","419","005",https://gainy-static-production.s3.amazonaws.com/flags/w40/co.png,https://gainy-static-production.s3.amazonaws.com/flags/32x24/co.png
"Comoros","KM","COM","174","ISO 3166-2:KM","Africa","Sub-Saharan Africa","Eastern Africa","002","202","014",https://gainy-static-production.s3.amazonaws.com/flags/w40/km.png,https://gainy-static-production.s3.amazonaws.com/flags/32x24/km.png
"Congo","CG","COG","178","ISO 3166-2:CG","Africa","Sub-Saharan Africa","Middle Africa","002","202","017",https://gainy-static-production.s3.amazonaws.com/flags/w40/cg.png,https://gainy-static-production.s3.amazonaws.com/flags/32x24/cg.png
"Congo, Democratic Republic of the","CD","COD","180","ISO 3166-2:CD","Africa","Sub-Saharan Africa","Middle Africa","002","202","017",https://gainy-static-production.s3.amazonaws.com/flags/w40/cd.png,https://gainy-static-production.s3.amazonaws.com/flags/32x24/cd.png
"Cook Islands","CK","COK","184","ISO 3166-2:CK","Oceania","Polynesia","","009","061","",https://gainy-static-production.s3.amazonaws.com/flags/w40/ck.png,https://gainy-static-production.s3.amazonaws.com/flags/32x24/ck.png
"Costa Rica","CR","CRI","188","ISO 3166-2:CR","Americas","Latin America and the Caribbean","Central America","019","419","013",https://gainy-static-production.s3.amazonaws.com/flags/w40/cr.png,https://gainy-static-production.s3.amazonaws.com/flags/32x24/cr.png
"Côte d'Ivoire","CI","CIV","384","ISO 3166-2:CI","Africa","Sub-Saharan Africa","Western Africa","002","202","011",https://gainy-static-production.s3.amazonaws.com/flags/w40/ci.png,https://gainy-static-production.s3.amazonaws.com/flags/32x24/ci.png
"Croatia","HR","HRV","191","ISO 3166-2:HR","Europe","Southern Europe","","150","039","",https://gainy-static-production.s3.amazonaws.com/flags/w40/hr.png,https://gainy-static-production.s3.amazonaws.com/flags/32x24/hr.png
"Cuba","CU","CUB","192","ISO 3166-2:CU","Americas","Latin America and the Caribbean","Caribbean","019","419","029",https://gainy-static-production.s3.amazonaws.com/flags/w40/cu.png,https://gainy-static-production.s3.amazonaws.com/flags/32x24/cu.png
"Curaçao","CW","CUW","531","ISO 3166-2:CW","Americas","Latin America and the Caribbean","Caribbean","019","419","029",https://gainy-static-production.s3.amazonaws.com/flags/w40/cw.png,https://gainy-static-production.s3.amazonaws.com/flags/32x24/cw.png
"Cyprus","CY","CYP","196","ISO 3166-2:CY","Asia","Western Asia","","142","145","",https://gainy-static-production.s3.amazonaws.com/flags/w40/cy.png,https://gainy-static-production.s3.amazonaws.com/flags/32x24/cy.png
"Czechia","CZ","CZE","203","ISO 3166-2:CZ","Europe","Eastern Europe","","150","151","",https://gainy-static-production.s3.amazonaws.com/flags/w40/cz.png,https://gainy-static-production.s3.amazonaws.com/flags/32x24/cz.png
"Denmark","DK","DNK","208","ISO 3166-2:DK","Europe","Northern Europe","","150","154","",https://gainy-static-production.s3.amazonaws.com/flags/w40/dk.png,https://gainy-static-production.s3.amazonaws.com/flags/32x24/dk.png
"Djibouti","DJ","DJI","262","ISO 3166-2:DJ","Africa","Sub-Saharan Africa","Eastern Africa","002","202","014",https://gainy-static-production.s3.amazonaws.com/flags/w40/dj.png,https://gainy-static-production.s3.amazonaws.com/flags/32x24/dj.png
"Dominica","DM","DMA","212","ISO 3166-2:DM","Americas","Latin America and the Caribbean","Caribbean","019","419","029",https://gainy-static-production.s3.amazonaws.com/flags/w40/dm.png,https://gainy-static-production.s3.amazonaws.com/flags/32x24/dm.png
"Dominican Republic","DO","DOM","214","ISO 3166-2:DO","Americas","Latin America and the Caribbean","Caribbean","019","419","029",https://gainy-static-production.s3.amazonaws.com/flags/w40/do.png,https://gainy-static-production.s3.amazonaws.com/flags/32x24/do.png
"Ecuador","EC","ECU","218","ISO 3166-2:EC","Americas","Latin America and the Caribbean","South America","019","419","005",https://gainy-static-production.s3.amazonaws.com/flags/w40/ec.png,https://gainy-static-production.s3.amazonaws.com/flags/32x24/ec.png
"Egypt","EG","EGY","818","ISO 3166-2:EG","Africa","Northern Africa","","002","015","",https://gainy-static-production.s3.amazonaws.com/flags/w40/eg.png,https://gainy-static-production.s3.amazonaws.com/flags/32x24/eg.png
"El Salvador","SV","SLV","222","ISO 3166-2:SV","Americas","Latin America and the Caribbean","Central America","019","419","013",https://gainy-static-production.s3.amazonaws.com/flags/w40/sv.png,https://gainy-static-production.s3.amazonaws.com/flags/32x24/sv.png
"Equatorial Guinea","GQ","GNQ","226","ISO 3166-2:GQ","Africa","Sub-Saharan Africa","Middle Africa","002","202","017",https://gainy-static-production.s3.amazonaws.com/flags/w40/gq.png,https://gainy-static-production.s3.amazonaws.com/flags/32x24/gq.png
"Eritrea","ER","ERI","232","ISO 3166-2:ER","Africa","Sub-Saharan Africa","Eastern Africa","002","202","014",https://gainy-static-production.s3.amazonaws.com/flags/w40/er.png,https://gainy-static-production.s3.amazonaws.com/flags/32x24/er.png
"Estonia","EE","EST","233","ISO 3166-2:EE","Europe","Northern Europe","","150","154","",https://gainy-static-production.s3.amazonaws.com/flags/w40/ee.png,https://gainy-static-production.s3.amazonaws.com/flags/32x24/ee.png
"Eswatini","SZ","SWZ","748","ISO 3166-2:SZ","Africa","Sub-Saharan Africa","Southern Africa","002","202","018",https://gainy-static-production.s3.amazonaws.com/flags/w40/sz.png,https://gainy-static-production.s3.amazonaws.com/flags/32x24/sz.png
"Ethiopia","ET","ETH","231","ISO 3166-2:ET","Africa","Sub-Saharan Africa","Eastern Africa","002","202","014",https://gainy-static-production.s3.amazonaws.com/flags/w40/et.png,https://gainy-static-production.s3.amazonaws.com/flags/32x24/et.png
"Falkland Islands (Malvinas)","FK","FLK","238","ISO 3166-2:FK","Americas","Latin America and the Caribbean","South America","019","419","005",https://gainy-static-production.s3.amazonaws.com/flags/w40/fk.png,https://gainy-static-production.s3.amazonaws.com/flags/32x24/fk.png
"Faroe Islands","FO","FRO","234","ISO 3166-2:FO","Europe","Northern Europe","","150","154","",https://gainy-static-production.s3.amazonaws.com/flags/w40/fo.png,https://gainy-static-production.s3.amazonaws.com/flags/32x24/fo.png
"Fiji","FJ","FJI","242","ISO 3166-2:FJ","Oceania","Melanesia","","009","054","",https://gainy-static-production.s3.amazonaws.com/flags/w40/fj.png,https://gainy-static-production.s3.amazonaws.com/flags/32x24/fj.png
"Finland","FI","FIN","246","ISO 3166-2:FI","Europe","Northern Europe","","150","154","",https://gainy-static-production.s3.amazonaws.com/flags/w40/fi.png,https://gainy-static-production.s3.amazonaws.com/flags/32x24/fi.png
"France","FR","FRA","250","ISO 3166-2:FR","Europe","Western Europe","","150","155","",https://gainy-static-production.s3.amazonaws.com/flags/w40/fr.png,https://gainy-static-production.s3.amazonaws.com/flags/32x24/fr.png
"French Guiana","GF","GUF","254","ISO 3166-2:GF","Americas","Latin America and the Caribbean","South America","019","419","005",https://gainy-static-production.s3.amazonaws.com/flags/w40/gf.png,https://gainy-static-production.s3.amazonaws.com/flags/32x24/gf.png
"French Polynesia","PF","PYF","258","ISO 3166-2:PF","Oceania","Polynesia","","009","061","",https://gainy-static-production.s3.amazonaws.com/flags/w40/pf.png,https://gainy-static-production.s3.amazonaws.com/flags/32x24/pf.png
"French Southern Territories","TF","ATF","260","ISO 3166-2:TF","Africa","Sub-Saharan Africa","Eastern Africa","002","202","014",https://gainy-static-production.s3.amazonaws.com/flags/w40/tf.png,https://gainy-static-production.s3.amazonaws.com/flags/32x24/tf.png
"Gabon","GA","GAB","266","ISO 3166-2:GA","Africa","Sub-Saharan Africa","Middle Africa","002","202","017",https://gainy-static-production.s3.amazonaws.com/flags/w40/ga.png,https://gainy-static-production.s3.amazonaws.com/flags/32x24/ga.png
"Gambia","GM","GMB","270","ISO 3166-2:GM","Africa","Sub-Saharan Africa","Western Africa","002","202","011",https://gainy-static-production.s3.amazonaws.com/flags/w40/gm.png,https://gainy-static-production.s3.amazonaws.com/flags/32x24/gm.png
"Georgia","GE","GEO","268","ISO 3166-2:GE","Asia","Western Asia","","142","145","",https://gainy-static-production.s3.amazonaws.com/flags/w40/ge.png,https://gainy-static-production.s3.amazonaws.com/flags/32x24/ge.png
"Germany","DE","DEU","276","ISO 3166-2:DE","Europe","Western Europe","","150","155","",https://gainy-static-production.s3.amazonaws.com/flags/w40/de.png,https://gainy-static-production.s3.amazonaws.com/flags/32x24/de.png
"Ghana","GH","GHA","288","ISO 3166-2:GH","Africa","Sub-Saharan Africa","Western Africa","002","202","011",https://gainy-static-production.s3.amazonaws.com/flags/w40/gh.png,https://gainy-static-production.s3.amazonaws.com/flags/32x24/gh.png
"Gibraltar","GI","GIB","292","ISO 3166-2:GI","Europe","Southern Europe","","150","039","",https://gainy-static-production.s3.amazonaws.com/flags/w40/gi.png,https://gainy-static-production.s3.amazonaws.com/flags/32x24/gi.png
"Greece","GR","GRC","300","ISO 3166-2:GR","Europe","Southern Europe","","150","039","",https://gainy-static-production.s3.amazonaws.com/flags/w40/gr.png,https://gainy-static-production.s3.amazonaws.com/flags/32x24/gr.png
"Greenland","GL","GRL","304","ISO 3166-2:GL","Americas","Northern America","","019","021","",https://gainy-static-production.s3.amazonaws.com/flags/w40/gl.png,https://gainy-static-production.s3.amazonaws.com/flags/32x24/gl.png
"Grenada","GD","GRD","308","ISO 3166-2:GD","Americas","Latin America and the Caribbean","Caribbean","019","419","029",https://gainy-static-production.s3.amazonaws.com/flags/w40/gd.png,https://gainy-static-production.s3.amazonaws.com/flags/32x24/gd.png
"Guadeloupe","GP","GLP","312","ISO 3166-2:GP","Americas","Latin America and the Caribbean","Caribbean","019","419","029",https://gainy-static-production.s3.amazonaws.com/flags/w40/gp.png,https://gainy-static-production.s3.amazonaws.com/flags/32x24/gp.png
"Guam","GU","GUM","316","ISO 3166-2:GU","Oceania","Micronesia","","009","057","",https://gainy-static-production.s3.amazonaws.com/flags/w40/gu.png,https://gainy-static-production.s3.amazonaws.com/flags/32x24/gu.png
"Guatemala","GT","GTM","320","ISO 3166-2:GT","Americas","Latin America and the Caribbean","Central America","019","419","013",https://gainy-static-production.s3.amazonaws.com/flags/w40/gt.png,https://gainy-static-production.s3.amazonaws.com/flags/32x24/gt.png
"Guernsey","GG","GGY","831","ISO 3166-2:GG","Europe","Northern Europe","Channel Islands","150","154","830",https://gainy-static-production.s3.amazonaws.com/flags/w40/gg.png,https://gainy-static-production.s3.amazonaws.com/flags/32x24/gg.png
"Guinea","GN","GIN","324","ISO 3166-2:GN","Africa","Sub-Saharan Africa","Western Africa","002","202","011",https://gainy-static-production.s3.amazonaws.com/flags/w40/gn.png,https://gainy-static-production.s3.amazonaws.com/flags/32x24/gn.png
"Guinea-Bissau","GW","GNB","624","ISO 3166-2:GW","Africa","Sub-Saharan Africa","Western Africa","002","202","011",https://gainy-static-production.s3.amazonaws.com/flags/w40/gw.png,https://gainy-static-production.s3.amazonaws.com/flags/32x24/gw.png
"Guyana","GY","GUY","328","ISO 3166-2:GY","Americas","Latin America and the Caribbean","South America","019","419","005",https://gainy-static-production.s3.amazonaws.com/flags/w40/gy.png,https://gainy-static-production.s3.amazonaws.com/flags/32x24/gy.png
"Haiti","HT","HTI","332","ISO 3166-2:HT","Americas","Latin America and the Caribbean","Caribbean","019","419","029",https://gainy-static-production.s3.amazonaws.com/flags/w40/ht.png,https://gainy-static-production.s3.amazonaws.com/flags/32x24/ht.png
"Heard Island and McDonald Islands","HM","HMD","334","ISO 3166-2:HM","Oceania","Australia and New Zealand","","009","053","",https://gainy-static-production.s3.amazonaws.com/flags/w40/hm.png,https://gainy-static-production.s3.amazonaws.com/flags/32x24/hm.png
"Holy See","VA","VAT","336","ISO 3166-2:VA","Europe","Southern Europe","","150","039","",https://gainy-static-production.s3.amazonaws.com/flags/w40/va.png,https://gainy-static-production.s3.amazonaws.com/flags/32x24/va.png
"Honduras","HN","HND","340","ISO 3166-2:HN","Americas","Latin America and the Caribbean","Central America","019","419","013",https://gainy-static-production.s3.amazonaws.com/flags/w40/hn.png,https://gainy-static-production.s3.amazonaws.com/flags/32x24/hn.png
"Hong Kong","HK","HKG","344","ISO 3166-2:HK","Asia","Eastern Asia","","142","030","",https://gainy-static-production.s3.amazonaws.com/flags/w40/hk.png,https://gainy-static-production.s3.amazonaws.com/flags/32x24/hk.png
"Hungary","HU","HUN","348","ISO 3166-2:HU","Europe","Eastern Europe","","150","151","",https://gainy-static-production.s3.amazonaws.com/flags/w40/hu.png,https://gainy-static-production.s3.amazonaws.com/flags/32x24/hu.png
"Iceland","IS","ISL","352","ISO 3166-2:IS","Europe","Northern Europe","","150","154","",https://gainy-static-production.s3.amazonaws.com/flags/w40/is.png,https://gainy-static-production.s3.amazonaws.com/flags/32x24/is.png
"India","IN","IND","356","ISO 3166-2:IN","Asia","Southern Asia","","142","034","",https://gainy-static-production.s3.amazonaws.com/flags/w40/in.png,https://gainy-static-production.s3.amazonaws.com/flags/32x24/in.png
"Indonesia","ID","IDN","360","ISO 3166-2:ID","Asia","South-eastern Asia","","142","035","",https://gainy-static-production.s3.amazonaws.com/flags/w40/id.png,https://gainy-static-production.s3.amazonaws.com/flags/32x24/id.png
"Iran (Islamic Republic of)","IR","IRN","364","ISO 3166-2:IR","Asia","Southern Asia","","142","034","",https://gainy-static-production.s3.amazonaws.com/flags/w40/ir.png,https://gainy-static-production.s3.amazonaws.com/flags/32x24/ir.png
"Iraq","IQ","IRQ","368","ISO 3166-2:IQ","Asia","Western Asia","","142","145","",https://gainy-static-production.s3.amazonaws.com/flags/w40/iq.png,https://gainy-static-production.s3.amazonaws.com/flags/32x24/iq.png
"Ireland","IE","IRL","372","ISO 3166-2:IE","Europe","Northern Europe","","150","154","",https://gainy-static-production.s3.amazonaws.com/flags/w40/ie.png,https://gainy-static-production.s3.amazonaws.com/flags/32x24/ie.png
"Isle of Man","IM","IMN","833","ISO 3166-2:IM","Europe","Northern Europe","","150","154","",https://gainy-static-production.s3.amazonaws.com/flags/w40/im.png,https://gainy-static-production.s3.amazonaws.com/flags/32x24/im.png
"Israel","IL","ISR","376","ISO 3166-2:IL","Asia","Western Asia","","142","145","",https://gainy-static-production.s3.amazonaws.com/flags/w40/il.png,https://gainy-static-production.s3.amazonaws.com/flags/32x24/il.png
"Italy","IT","ITA","380","ISO 3166-2:IT","Europe","Southern Europe","","150","039","",https://gainy-static-production.s3.amazonaws.com/flags/w40/it.png,https://gainy-static-production.s3.amazonaws.com/flags/32x24/it.png
"Jamaica","JM","JAM","388","ISO 3166-2:JM","Americas","Latin America and the Caribbean","Caribbean","019","419","029",https://gainy-static-production.s3.amazonaws.com/flags/w40/jm.png,https://gainy-static-production.s3.amazonaws.com/flags/32x24/jm.png
"Japan","JP","JPN","392","ISO 3166-2:JP","Asia","Eastern Asia","","142","030","",https://gainy-static-production.s3.amazonaws.com/flags/w40/jp.png,https://gainy-static-production.s3.amazonaws.com/flags/32x24/jp.png
"Jersey","JE","JEY","832","ISO 3166-2:JE","Europe","Northern Europe","Channel Islands","150","154","830",https://gainy-static-production.s3.amazonaws.com/flags/w40/je.png,https://gainy-static-production.s3.amazonaws.com/flags/32x24/je.png
"Jordan","JO","JOR","400","ISO 3166-2:JO","Asia","Western Asia","","142","145","",https://gainy-static-production.s3.amazonaws.com/flags/w40/jo.png,https://gainy-static-production.s3.amazonaws.com/flags/32x24/jo.png
"Kazakhstan","KZ","KAZ","398","ISO 3166-2:KZ","Asia","Central Asia","","142","143","",https://gainy-static-production.s3.amazonaws.com/flags/w40/kz.png,https://gainy-static-production.s3.amazonaws.com/flags/32x24/kz.png
"Kenya","KE","KEN","404","ISO 3166-2:KE","Africa","Sub-Saharan Africa","Eastern Africa","002","202","014",https://gainy-static-production.s3.amazonaws.com/flags/w40/ke.png,https://gainy-static-production.s3.amazonaws.com/flags/32x24/ke.png
"Kiribati","KI","KIR","296","ISO 3166-2:KI","Oceania","Micronesia","","009","057","",https://gainy-static-production.s3.amazonaws.com/flags/w40/ki.png,https://gainy-static-production.s3.amazonaws.com/flags/32x24/ki.png
"Korea (Democratic People's Republic of)","KP","PRK","408","ISO 3166-2:KP","Asia","Eastern Asia","","142","030","",https://gainy-static-production.s3.amazonaws.com/flags/w40/kp.png,https://gainy-static-production.s3.amazonaws.com/flags/32x24/kp.png
"Korea, Republic of","KR","KOR","410","ISO 3166-2:KR","Asia","Eastern Asia","","142","030","",https://gainy-static-production.s3.amazonaws.com/flags/w40/kr.png,https://gainy-static-production.s3.amazonaws.com/flags/32x24/kr.png
"Kuwait","KW","KWT","414","ISO 3166-2:KW","Asia","Western Asia","","142","145","",https://gainy-static-production.s3.amazonaws.com/flags/w40/kw.png,https://gainy-static-production.s3.amazonaws.com/flags/32x24/kw.png
"Kyrgyzstan","KG","KGZ","417","ISO 3166-2:KG","Asia","Central Asia","","142","143","",https://gainy-static-production.s3.amazonaws.com/flags/w40/kg.png,https://gainy-static-production.s3.amazonaws.com/flags/32x24/kg.png
"Lao People's Democratic Republic","LA","LAO","418","ISO 3166-2:LA","Asia","South-eastern Asia","","142","035","",https://gainy-static-production.s3.amazonaws.com/flags/w40/la.png,https://gainy-static-production.s3.amazonaws.com/flags/32x24/la.png
"Latvia","LV","LVA","428","ISO 3166-2:LV","Europe","Northern Europe","","150","154","",https://gainy-static-production.s3.amazonaws.com/flags/w40/lv.png,https://gainy-static-production.s3.amazonaws.com/flags/32x24/lv.png
"Lebanon","LB","LBN","422","ISO 3166-2:LB","Asia","Western Asia","","142","145","",https://gainy-static-production.s3.amazonaws.com/flags/w40/lb.png,https://gainy-static-production.s3.amazonaws.com/flags/32x24/lb.png
"Lesotho","LS","LSO","426","ISO 3166-2:LS","Africa","Sub-Saharan Africa","Southern Africa","002","202","018",https://gainy-static-production.s3.amazonaws.com/flags/w40/ls.png,https://gainy-static-production.s3.amazonaws.com/flags/32x24/ls.png
"Liberia","LR","LBR","430","ISO 3166-2:LR","Africa","Sub-Saharan Africa","Western Africa","002","202","011",https://gainy-static-production.s3.amazonaws.com/flags/w40/lr.png,https://gainy-static-production.s3.amazonaws.com/flags/32x24/lr.png
"Libya","LY","LBY","434","ISO 3166-2:LY","Africa","Northern Africa","","002","015","",https://gainy-static-production.s3.amazonaws.com/flags/w40/ly.png,https://gainy-static-production.s3.amazonaws.com/flags/32x24/ly.png
"Liechtenstein","LI","LIE","438","ISO 3166-2:LI","Europe","Western Europe","","150","155","",https://gainy-static-production.s3.amazonaws.com/flags/w40/li.png,https://gainy-static-production.s3.amazonaws.com/flags/32x24/li.png
"Lithuania","LT","LTU","440","ISO 3166-2:LT","Europe","Northern Europe","","150","154","",https://gainy-static-production.s3.amazonaws.com/flags/w40/lt.png,https://gainy-static-production.s3.amazonaws.com/flags/32x24/lt.png
"Luxembourg","LU","LUX","442","ISO 3166-2:LU","Europe","Western Europe","","150","155","",https://gainy-static-production.s3.amazonaws.com/flags/w40/lu.png,https://gainy-static-production.s3.amazonaws.com/flags/32x24/lu.png
"Macao","MO","MAC","446","ISO 3166-2:MO","Asia","Eastern Asia","","142","030","",https://gainy-static-production.s3.amazonaws.com/flags/w40/mo.png,https://gainy-static-production.s3.amazonaws.com/flags/32x24/mo.png
"Madagascar","MG","MDG","450","ISO 3166-2:MG","Africa","Sub-Saharan Africa","Eastern Africa","002","202","014",https://gainy-static-production.s3.amazonaws.com/flags/w40/mg.png,https://gainy-static-production.s3.amazonaws.com/flags/32x24/mg.png
"Malawi","MW","MWI","454","ISO 3166-2:MW","Africa","Sub-Saharan Africa","Eastern Africa","002","202","014",https://gainy-static-production.s3.amazonaws.com/flags/w40/mw.png,https://gainy-static-production.s3.amazonaws.com/flags/32x24/mw.png
"Malaysia","MY","MYS","458","ISO 3166-2:MY","Asia","South-eastern Asia","","142","035","",https://gainy-static-production.s3.amazonaws.com/flags/w40/my.png,https://gainy-static-production.s3.amazonaws.com/flags/32x24/my.png
"Maldives","MV","MDV","462","ISO 3166-2:MV","Asia","Southern Asia","","142","034","",https://gainy-static-production.s3.amazonaws.com/flags/w40/mv.png,https://gainy-static-production.s3.amazonaws.com/flags/32x24/mv.png
"Mali","ML","MLI","466","ISO 3166-2:ML","Africa","Sub-Saharan Africa","Western Africa","002","202","011",https://gainy-static-production.s3.amazonaws.com/flags/w40/ml.png,https://gainy-static-production.s3.amazonaws.com/flags/32x24/ml.png
"Malta","MT","MLT","470","ISO 3166-2:MT","Europe","Southern Europe","","150","039","",https://gainy-static-production.s3.amazonaws.com/flags/w40/mt.png,https://gainy-static-production.s3.amazonaws.com/flags/32x24/mt.png
"Marshall Islands","MH","MHL","584","ISO 3166-2:MH","Oceania","Micronesia","","009","057","",https://gainy-static-production.s3.amazonaws.com/flags/w40/mh.png,https://gainy-static-production.s3.amazonaws.com/flags/32x24/mh.png
"Martinique","MQ","MTQ","474","ISO 3166-2:MQ","Americas","Latin America and the Caribbean","Caribbean","019","419","029",https://gainy-static-production.s3.amazonaws.com/flags/w40/mq.png,https://gainy-static-production.s3.amazonaws.com/flags/32x24/mq.png
"Mauritania","MR","MRT","478","ISO 3166-2:MR","Africa","Sub-Saharan Africa","Western Africa","002","202","011",https://gainy-static-production.s3.amazonaws.com/flags/w40/mr.png,https://gainy-static-production.s3.amazonaws.com/flags/32x24/mr.png
"Mauritius","MU","MUS","480","ISO 3166-2:MU","Africa","Sub-Saharan Africa","Eastern Africa","002","202","014",https://gainy-static-production.s3.amazonaws.com/flags/w40/mu.png,https://gainy-static-production.s3.amazonaws.com/flags/32x24/mu.png
"Mayotte","YT","MYT","175","ISO 3166-2:YT","Africa","Sub-Saharan Africa","Eastern Africa","002","202","014",https://gainy-static-production.s3.amazonaws.com/flags/w40/yt.png,https://gainy-static-production.s3.amazonaws.com/flags/32x24/yt.png
"Mexico","MX","MEX","484","ISO 3166-2:MX","Americas","Latin America and the Caribbean","Central America","019","419","013",https://gainy-static-production.s3.amazonaws.com/flags/w40/mx.png,https://gainy-static-production.s3.amazonaws.com/flags/32x24/mx.png
"Micronesia (Federated States of)","FM","FSM","583","ISO 3166-2:FM","Oceania","Micronesia","","009","057","",https://gainy-static-production.s3.amazonaws.com/flags/w40/fm.png,https://gainy-static-production.s3.amazonaws.com/flags/32x24/fm.png
"Moldova, Republic of","MD","MDA","498","ISO 3166-2:MD","Europe","Eastern Europe","","150","151","",https://gainy-static-production.s3.amazonaws.com/flags/w40/md.png,https://gainy-static-production.s3.amazonaws.com/flags/32x24/md.png
"Monaco","MC","MCO","492","ISO 3166-2:MC","Europe","Western Europe","","150","155","",https://gainy-static-production.s3.amazonaws.com/flags/w40/mc.png,https://gainy-static-production.s3.amazonaws.com/flags/32x24/mc.png
"Mongolia","MN","MNG","496","ISO 3166-2:MN","Asia","Eastern Asia","","142","030","",https://gainy-static-production.s3.amazonaws.com/flags/w40/mn.png,https://gainy-static-production.s3.amazonaws.com/flags/32x24/mn.png
"Montenegro","ME","MNE","499","ISO 3166-2:ME","Europe","Southern Europe","","150","039","",https://gainy-static-production.s3.amazonaws.com/flags/w40/me.png,https://gainy-static-production.s3.amazonaws.com/flags/32x24/me.png
"Montserrat","MS","MSR","500","ISO 3166-2:MS","Americas","Latin America and the Caribbean","Caribbean","019","419","029",https://gainy-static-production.s3.amazonaws.com/flags/w40/ms.png,https://gainy-static-production.s3.amazonaws.com/flags/32x24/ms.png
"Morocco","MA","MAR","504","ISO 3166-2:MA","Africa","Northern Africa","","002","015","",https://gainy-static-production.s3.amazonaws.com/flags/w40/ma.png,https://gainy-static-production.s3.amazonaws.com/flags/32x24/ma.png
"Mozambique","MZ","MOZ","508","ISO 3166-2:MZ","Africa","Sub-Saharan Africa","Eastern Africa","002","202","014",https://gainy-static-production.s3.amazonaws.com/flags/w40/mz.png,https://gainy-static-production.s3.amazonaws.com/flags/32x24/mz.png
"Myanmar","MM","MMR","104","ISO 3166-2:MM","Asia","South-eastern Asia","","142","035","",https://gainy-static-production.s3.amazonaws.com/flags/w40/mm.png,https://gainy-static-production.s3.amazonaws.com/flags/32x24/mm.png
"Namibia","NA","NAM","516","ISO 3166-2:NA","Africa","Sub-Saharan Africa","Southern Africa","002","202","018",https://gainy-static-production.s3.amazonaws.com/flags/w40/na.png,https://gainy-static-production.s3.amazonaws.com/flags/32x24/na.png
"Nauru","NR","NRU","520","ISO 3166-2:NR","Oceania","Micronesia","","009","057","",https://gainy-static-production.s3.amazonaws.com/flags/w40/nr.png,https://gainy-static-production.s3.amazonaws.com/flags/32x24/nr.png
"Nepal","NP","NPL","524","ISO 3166-2:NP","Asia","Southern Asia","","142","034","",https://gainy-static-production.s3.amazonaws.com/flags/w40/np.png,https://gainy-static-production.s3.amazonaws.com/flags/32x24/np.png
"Netherlands","NL","NLD","528","ISO 3166-2:NL","Europe","Western Europe","","150","155","",https://gainy-static-production.s3.amazonaws.com/flags/w40/nl.png,https://gainy-static-production.s3.amazonaws.com/flags/32x24/nl.png
"New Caledonia","NC","NCL","540","ISO 3166-2:NC","Oceania","Melanesia","","009","054","",https://gainy-static-production.s3.amazonaws.com/flags/w40/nc.png,https://gainy-static-production.s3.amazonaws.com/flags/32x24/nc.png
"New Zealand","NZ","NZL","554","ISO 3166-2:NZ","Oceania","Australia and New Zealand","","009","053","",https://gainy-static-production.s3.amazonaws.com/flags/w40/nz.png,https://gainy-static-production.s3.amazonaws.com/flags/32x24/nz.png
"Nicaragua","NI","NIC","558","ISO 3166-2:NI","Americas","Latin America and the Caribbean","Central America","019","419","013",https://gainy-static-production.s3.amazonaws.com/flags/w40/ni.png,https://gainy-static-production.s3.amazonaws.com/flags/32x24/ni.png
"Niger","NE","NER","562","ISO 3166-2:NE","Africa","Sub-Saharan Africa","Western Africa","002","202","011",https://gainy-static-production.s3.amazonaws.com/flags/w40/ne.png,https://gainy-static-production.s3.amazonaws.com/flags/32x24/ne.png
"Nigeria","NG","NGA","566","ISO 3166-2:NG","Africa","Sub-Saharan Africa","Western Africa","002","202","011",https://gainy-static-production.s3.amazonaws.com/flags/w40/ng.png,https://gainy-static-production.s3.amazonaws.com/flags/32x24/ng.png
"Niue","NU","NIU","570","ISO 3166-2:NU","Oceania","Polynesia","","009","061","",https://gainy-static-production.s3.amazonaws.com/flags/w40/nu.png,https://gainy-static-production.s3.amazonaws.com/flags/32x24/nu.png
"Norfolk Island","NF","NFK","574","ISO 3166-2:NF","Oceania","Australia and New Zealand","","009","053","",https://gainy-static-production.s3.amazonaws.com/flags/w40/nf.png,https://gainy-static-production.s3.amazonaws.com/flags/32x24/nf.png
"North Macedonia","MK","MKD","807","ISO 3166-2:MK","Europe","Southern Europe","","150","039","",https://gainy-static-production.s3.amazonaws.com/flags/w40/mk.png,https://gainy-static-production.s3.amazonaws.com/flags/32x24/mk.png
"Northern Mariana Islands","MP","MNP","580","ISO 3166-2:MP","Oceania","Micronesia","","009","057","",https://gainy-static-production.s3.amazonaws.com/flags/w40/mp.png,https://gainy-static-production.s3.amazonaws.com/flags/32x24/mp.png
"Norway","NO","NOR","578","ISO 3166-2:NO","Europe","Northern Europe","","150","154","",https://gainy-static-production.s3.amazonaws.com/flags/w40/no.png,https://gainy-static-production.s3.amazonaws.com/flags/32x24/no.png
"Oman","OM","OMN","512","ISO 3166-2:OM","Asia","Western Asia","","142","145","",https://gainy-static-production.s3.amazonaws.com/flags/w40/om.png,https://gainy-static-production.s3.amazonaws.com/flags/32x24/om.png
"Pakistan","PK","PAK","586","ISO 3166-2:PK","Asia","Southern Asia","","142","034","",https://gainy-static-production.s3.amazonaws.com/flags/w40/pk.png,https://gainy-static-production.s3.amazonaws.com/flags/32x24/pk.png
"Palau","PW","PLW","585","ISO 3166-2:PW","Oceania","Micronesia","","009","057","",https://gainy-static-production.s3.amazonaws.com/flags/w40/pw.png,https://gainy-static-production.s3.amazonaws.com/flags/32x24/pw.png
"Palestine, State of","PS","PSE","275","ISO 3166-2:PS","Asia","Western Asia","","142","145","",https://gainy-static-production.s3.amazonaws.com/flags/w40/ps.png,https://gainy-static-production.s3.amazonaws.com/flags/32x24/ps.png
"Panama","PA","PAN","591","ISO 3166-2:PA","Americas","Latin America and the Caribbean","Central America","019","419","013",https://gainy-static-production.s3.amazonaws.com/flags/w40/pa.png,https://gainy-static-production.s3.amazonaws.com/flags/32x24/pa.png
"Papua New Guinea","PG","PNG","598","ISO 3166-2:PG","Oceania","Melanesia","","009","054","",https://gainy-static-production.s3.amazonaws.com/flags/w40/pg.png,https://gainy-static-production.s3.amazonaws.com/flags/32x24/pg.png
"Paraguay","PY","PRY","600","ISO 3166-2:PY","Americas","Latin America and the Caribbean","South America","019","419","005",https://gainy-static-production.s3.amazonaws.com/flags/w40/py.png,https://gainy-static-production.s3.amazonaws.com/flags/32x24/py.png
"Peru","PE","PER","604","ISO 3166-2:PE","Americas","Latin America and the Caribbean","South America","019","419","005",https://gainy-static-production.s3.amazonaws.com/flags/w40/pe.png,https://gainy-static-production.s3.amazonaws.com/flags/32x24/pe.png
"Philippines","PH","PHL","608","ISO 3166-2:PH","Asia","South-eastern Asia","","142","035","",https://gainy-static-production.s3.amazonaws.com/flags/w40/ph.png,https://gainy-static-production.s3.amazonaws.com/flags/32x24/ph.png
"Pitcairn","PN","PCN","612","ISO 3166-2:PN","Oceania","Polynesia","","009","061","",https://gainy-static-production.s3.amazonaws.com/flags/w40/pn.png,https://gainy-static-production.s3.amazonaws.com/flags/32x24/pn.png
"Poland","PL","POL","616","ISO 3166-2:PL","Europe","Eastern Europe","","150","151","",https://gainy-static-production.s3.amazonaws.com/flags/w40/pl.png,https://gainy-static-production.s3.amazonaws.com/flags/32x24/pl.png
"Portugal","PT","PRT","620","ISO 3166-2:PT","Europe","Southern Europe","","150","039","",https://gainy-static-production.s3.amazonaws.com/flags/w40/pt.png,https://gainy-static-production.s3.amazonaws.com/flags/32x24/pt.png
"Puerto Rico","PR","PRI","630","ISO 3166-2:PR","Americas","Latin America and the Caribbean","Caribbean","019","419","029",https://gainy-static-production.s3.amazonaws.com/flags/w40/pr.png,https://gainy-static-production.s3.amazonaws.com/flags/32x24/pr.png
"Qatar","QA","QAT","634","ISO 3166-2:QA","Asia","Western Asia","","142","145","",https://gainy-static-production.s3.amazonaws.com/flags/w40/qa.png,https://gainy-static-production.s3.amazonaws.com/flags/32x24/qa.png
"Réunion","RE","REU","638","ISO 3166-2:RE","Africa","Sub-Saharan Africa","Eastern Africa","002","202","014",https://gainy-static-production.s3.amazonaws.com/flags/w40/re.png,https://gainy-static-production.s3.amazonaws.com/flags/32x24/re.png
"Romania","RO","ROU","642","ISO 3166-2:RO","Europe","Eastern Europe","","150","151","",https://gainy-static-production.s3.amazonaws.com/flags/w40/ro.png,https://gainy-static-production.s3.amazonaws.com/flags/32x24/ro.png
"Russian Federation","RU","RUS","643","ISO 3166-2:RU","Europe","Eastern Europe","","150","151","",https://gainy-static-production.s3.amazonaws.com/flags/w40/ru.png,https://gainy-static-production.s3.amazonaws.com/flags/32x24/ru.png
"Rwanda","RW","RWA","646","ISO 3166-2:RW","Africa","Sub-Saharan Africa","Eastern Africa","002","202","014",https://gainy-static-production.s3.amazonaws.com/flags/w40/rw.png,https://gainy-static-production.s3.amazonaws.com/flags/32x24/rw.png
"Saint Barthélemy","BL","BLM","652","ISO 3166-2:BL","Americas","Latin America and the Caribbean","Caribbean","019","419","029",https://gainy-static-production.s3.amazonaws.com/flags/w40/bl.png,https://gainy-static-production.s3.amazonaws.com/flags/32x24/bl.png
"Saint Helena, Ascension and Tristan da Cunha","SH","SHN","654","ISO 3166-2:SH","Africa","Sub-Saharan Africa","Western Africa","002","202","011",https://gainy-static-production.s3.amazonaws.com/flags/w40/sh.png,https://gainy-static-production.s3.amazonaws.com/flags/32x24/sh.png
"Saint Kitts and Nevis","KN","KNA","659","ISO 3166-2:KN","Americas","Latin America and the Caribbean","Caribbean","019","419","029",https://gainy-static-production.s3.amazonaws.com/flags/w40/kn.png,https://gainy-static-production.s3.amazonaws.com/flags/32x24/kn.png
"Saint Lucia","LC","LCA","662","ISO 3166-2:LC","Americas","Latin America and the Caribbean","Caribbean","019","419","029",https://gainy-static-production.s3.amazonaws.com/flags/w40/lc.png,https://gainy-static-production.s3.amazonaws.com/flags/32x24/lc.png
"Saint Martin (French part)","MF","MAF","663","ISO 3166-2:MF","Americas","Latin America and the Caribbean","Caribbean","019","419","029",https://gainy-static-production.s3.amazonaws.com/flags/w40/mf.png,https://gainy-static-production.s3.amazonaws.com/flags/32x24/mf.png
"Saint Pierre and Miquelon","PM","SPM","666","ISO 3166-2:PM","Americas","Northern America","","019","021","",https://gainy-static-production.s3.amazonaws.com/flags/w40/pm.png,https://gainy-static-production.s3.amazonaws.com/flags/32x24/pm.png
"Saint Vincent and the Grenadines","VC","VCT","670","ISO 3166-2:VC","Americas","Latin America and the Caribbean","Caribbean","019","419","029",https://gainy-static-production.s3.amazonaws.com/flags/w40/vc.png,https://gainy-static-production.s3.amazonaws.com/flags/32x24/vc.png
"Samoa","WS","WSM","882","ISO 3166-2:WS","Oceania","Polynesia","","009","061","",https://gainy-static-production.s3.amazonaws.com/flags/w40/ws.png,https://gainy-static-production.s3.amazonaws.com/flags/32x24/ws.png
"San Marino","SM","SMR","674","ISO 3166-2:SM","Europe","Southern Europe","","150","039","",https://gainy-static-production.s3.amazonaws.com/flags/w40/sm.png,https://gainy-static-production.s3.amazonaws.com/flags/32x24/sm.png
"Sao Tome and Principe","ST","STP","678","ISO 3166-2:ST","Africa","Sub-Saharan Africa","Middle Africa","002","202","017",https://gainy-static-production.s3.amazonaws.com/flags/w40/st.png,https://gainy-static-production.s3.amazonaws.com/flags/32x24/st.png
"Saudi Arabia","SA","SAU","682","ISO 3166-2:SA","Asia","Western Asia","","142","145","",https://gainy-static-production.s3.amazonaws.com/flags/w40/sa.png,https://gainy-static-production.s3.amazonaws.com/flags/32x24/sa.png
"Senegal","SN","SEN","686","ISO 3166-2:SN","Africa","Sub-Saharan Africa","Western Africa","002","202","011",https://gainy-static-production.s3.amazonaws.com/flags/w40/sn.png,https://gainy-static-production.s3.amazonaws.com/flags/32x24/sn.png
"Serbia","RS","SRB","688","ISO 3166-2:RS","Europe","Southern Europe","","150","039","",https://gainy-static-production.s3.amazonaws.com/flags/w40/rs.png,https://gainy-static-production.s3.amazonaws.com/flags/32x24/rs.png
"Seychelles","SC","SYC","690","ISO 3166-2:SC","Africa","Sub-Saharan Africa","Eastern Africa","002","202","014",https://gainy-static-production.s3.amazonaws.com/flags/w40/sc.png,https://gainy-static-production.s3.amazonaws.com/flags/32x24/sc.png
"Sierra Leone","SL","SLE","694","ISO 3166-2:SL","Africa","Sub-Saharan Africa","Western Africa","002","202","011",https://gainy-static-production.s3.amazonaws.com/flags/w40/sl.png,https://gainy-static-production.s3.amazonaws.com/flags/32x24/sl.png
"Singapore","SG","SGP","702","ISO 3166-2:SG","Asia","South-eastern Asia","","142","035","",https://gainy-static-production.s3.amazonaws.com/flags/w40/sg.png,https://gainy-static-production.s3.amazonaws.com/flags/32x24/sg.png
"Sint Maarten (Dutch part)","SX","SXM","534","ISO 3166-2:SX","Americas","Latin America and the Caribbean","Caribbean","019","419","029",https://gainy-static-production.s3.amazonaws.com/flags/w40/sx.png,https://gainy-static-production.s3.amazonaws.com/flags/32x24/sx.png
"Slovakia","SK","SVK","703","ISO 3166-2:SK","Europe","Eastern Europe","","150","151","",https://gainy-static-production.s3.amazonaws.com/flags/w40/sk.png,https://gainy-static-production.s3.amazonaws.com/flags/32x24/sk.png
"Slovenia","SI","SVN","705","ISO 3166-2:SI","Europe","Southern Europe","","150","039","",https://gainy-static-production.s3.amazonaws.com/flags/w40/si.png,https://gainy-static-production.s3.amazonaws.com/flags/32x24/si.png
"Solomon Islands","SB","SLB","090","ISO 3166-2:SB","Oceania","Melanesia","","009","054","",https://gainy-static-production.s3.amazonaws.com/flags/w40/sb.png,https://gainy-static-production.s3.amazonaws.com/flags/32x24/sb.png
"Somalia","SO","SOM","706","ISO 3166-2:SO","Africa","Sub-Saharan Africa","Eastern Africa","002","202","014",https://gainy-static-production.s3.amazonaws.com/flags/w40/so.png,https://gainy-static-production.s3.amazonaws.com/flags/32x24/so.png
"South Africa","ZA","ZAF","710","ISO 3166-2:ZA","Africa","Sub-Saharan Africa","Southern Africa","002","202","018",https://gainy-static-production.s3.amazonaws.com/flags/w40/za.png,https://gainy-static-production.s3.amazonaws.com/flags/32x24/za.png
"South Georgia and the South Sandwich Islands","GS","SGS","239","ISO 3166-2:GS","Americas","Latin America and the Caribbean","South America","019","419","005",https://gainy-static-production.s3.amazonaws.com/flags/w40/gs.png,https://gainy-static-production.s3.amazonaws.com/flags/32x24/gs.png
"South Sudan","SS","SSD","728","ISO 3166-2:SS","Africa","Sub-Saharan Africa","Eastern Africa","002","202","014",https://gainy-static-production.s3.amazonaws.com/flags/w40/ss.png,https://gainy-static-production.s3.amazonaws.com/flags/32x24/ss.png
"Spain","ES","ESP","724","ISO 3166-2:ES","Europe","Southern Europe","","150","039","",https://gainy-static-production.s3.amazonaws.com/flags/w40/es.png,https://gainy-static-production.s3.amazonaws.com/flags/32x24/es.png
"Sri Lanka","LK","LKA","144","ISO 3166-2:LK","Asia","Southern Asia","","142","034","",https://gainy-static-production.s3.amazonaws.com/flags/w40/lk.png,https://gainy-static-production.s3.amazonaws.com/flags/32x24/lk.png
"Sudan","SD","SDN","729","ISO 3166-2:SD","Africa","Northern Africa","","002","015","",https://gainy-static-production.s3.amazonaws.com/flags/w40/sd.png,https://gainy-static-production.s3.amazonaws.com/flags/32x24/sd.png
"Suriname","SR","SUR","740","ISO 3166-2:SR","Americas","Latin America and the Caribbean","South America","019","419","005",https://gainy-static-production.s3.amazonaws.com/flags/w40/sr.png,https://gainy-static-production.s3.amazonaws.com/flags/32x24/sr.png
"Svalbard and Jan Mayen","SJ","SJM","744","ISO 3166-2:SJ","Europe","Northern Europe","","150","154","",https://gainy-static-production.s3.amazonaws.com/flags/w40/sj.png,https://gainy-static-production.s3.amazonaws.com/flags/32x24/sj.png
"Sweden","SE","SWE","752","ISO 3166-2:SE","Europe","Northern Europe","","150","154","",https://gainy-static-production.s3.amazonaws.com/flags/w40/se.png,https://gainy-static-production.s3.amazonaws.com/flags/32x24/se.png
"Switzerland","CH","CHE","756","ISO 3166-2:CH","Europe","Western Europe","","150","155","",https://gainy-static-production.s3.amazonaws.com/flags/w40/ch.png,https://gainy-static-production.s3.amazonaws.com/flags/32x24/ch.png
"Syrian Arab Republic","SY","SYR","760","ISO 3166-2:SY","Asia","Western Asia","","142","145","",https://gainy-static-production.s3.amazonaws.com/flags/w40/sy.png,https://gainy-static-production.s3.amazonaws.com/flags/32x24/sy.png
"Taiwan, Province of China","TW","TWN","158","ISO 3166-2:TW","Asia","Eastern Asia","","142","030","",https://gainy-static-production.s3.amazonaws.com/flags/w40/tw.png,https://gainy-static-production.s3.amazonaws.com/flags/32x24/tw.png
"Tajikistan","TJ","TJK","762","ISO 3166-2:TJ","Asia","Central Asia","","142","143","",https://gainy-static-production.s3.amazonaws.com/flags/w40/tj.png,https://gainy-static-production.s3.amazonaws.com/flags/32x24/tj.png
"Tanzania, United Republic of","TZ","TZA","834","ISO 3166-2:TZ","Africa","Sub-Saharan Africa","Eastern Africa","002","202","014",https://gainy-static-production.s3.amazonaws.com/flags/w40/tz.png,https://gainy-static-production.s3.amazonaws.com/flags/32x24/tz.png
"Thailand","TH","THA","764","ISO 3166-2:TH","Asia","South-eastern Asia","","142","035","",https://gainy-static-production.s3.amazonaws.com/flags/w40/th.png,https://gainy-static-production.s3.amazonaws.com/flags/32x24/th.png
"Timor-Leste","TL","TLS","626","ISO 3166-2:TL","Asia","South-eastern Asia","","142","035","",https://gainy-static-production.s3.amazonaws.com/flags/w40/tl.png,https://gainy-static-production.s3.amazonaws.com/flags/32x24/tl.png
"Togo","TG","TGO","768","ISO 3166-2:TG","Africa","Sub-Saharan Africa","Western Africa","002","202","011",https://gainy-static-production.s3.amazonaws.com/flags/w40/tg.png,https://gainy-static-production.s3.amazonaws.com/flags/32x24/tg.png
"Tokelau","TK","TKL","772","ISO 3166-2:TK","Oceania","Polynesia","","009","061","",https://gainy-static-production.s3.amazonaws.com/flags/w40/tk.png,https://gainy-static-production.s3.amazonaws.com/flags/32x24/tk.png
"Tonga","TO","TON","776","ISO 3166-2:TO","Oceania","Polynesia","","009","061","",https://gainy-static-production.s3.amazonaws.com/flags/w40/to.png,https://gainy-static-production.s3.amazonaws.com/flags/32x24/to.png
"Trinidad and Tobago","TT","TTO","780","ISO 3166-2:TT","Americas","Latin America and the Caribbean","Caribbean","019","419","029",https://gainy-static-production.s3.amazonaws.com/flags/w40/tt.png,https://gainy-static-production.s3.amazonaws.com/flags/32x24/tt.png
"Tunisia","TN","TUN","788","ISO 3166-2:TN","Africa","Northern Africa","","002","015","",https://gainy-static-production.s3.amazonaws.com/flags/w40/tn.png,https://gainy-static-production.s3.amazonaws.com/flags/32x24/tn.png
"Turkey","TR","TUR","792","ISO 3166-2:TR","Asia","Western Asia","","142","145","",https://gainy-static-production.s3.amazonaws.com/flags/w40/tr.png,https://gainy-static-production.s3.amazonaws.com/flags/32x24/tr.png
"Turkmenistan","TM","TKM","795","ISO 3166-2:TM","Asia","Central Asia","","142","143","",https://gainy-static-production.s3.amazonaws.com/flags/w40/tm.png,https://gainy-static-production.s3.amazonaws.com/flags/32x24/tm.png
"Turks and Caicos Islands","TC","TCA","796","ISO 3166-2:TC","Americas","Latin America and the Caribbean","Caribbean","019","419","029",https://gainy-static-production.s3.amazonaws.com/flags/w40/tc.png,https://gainy-static-production.s3.amazonaws.com/flags/32x24/tc.png
"Tuvalu","TV","TUV","798","ISO 3166-2:TV","Oceania","Polynesia","","009","061","",https://gainy-static-production.s3.amazonaws.com/flags/w40/tv.png,https://gainy-static-production.s3.amazonaws.com/flags/32x24/tv.png
"Uganda","UG","UGA","800","ISO 3166-2:UG","Africa","Sub-Saharan Africa","Eastern Africa","002","202","014",https://gainy-static-production.s3.amazonaws.com/flags/w40/ug.png,https://gainy-static-production.s3.amazonaws.com/flags/32x24/ug.png
"Ukraine","UA","UKR","804","ISO 3166-2:UA","Europe","Eastern Europe","","150","151","",https://gainy-static-production.s3.amazonaws.com/flags/w40/ua.png,https://gainy-static-production.s3.amazonaws.com/flags/32x24/ua.png
"United Arab Emirates","AE","ARE","784","ISO 3166-2:AE","Asia","Western Asia","","142","145","",https://gainy-static-production.s3.amazonaws.com/flags/w40/ae.png,https://gainy-static-production.s3.amazonaws.com/flags/32x24/ae.png
"United Kingdom of Great Britain and Northern Ireland","GB","GBR","826","ISO 3166-2:GB","Europe","Northern Europe","","150","154","",https://gainy-static-production.s3.amazonaws.com/flags/w40/gb.png,https://gainy-static-production.s3.amazonaws.com/flags/32x24/gb.png
"United States of America","US","USA","840","ISO 3166-2:US","Americas","Northern America","","019","021","",https://gainy-static-production.s3.amazonaws.com/flags/w40/us.png,https://gainy-static-production.s3.amazonaws.com/flags/32x24/us.png
"United States Minor Outlying Islands","UM","UMI","581","ISO 3166-2:UM","Oceania","Micronesia","","009","057","",https://gainy-static-production.s3.amazonaws.com/flags/w40/um.png,https://gainy-static-production.s3.amazonaws.com/flags/32x24/um.png
"Uruguay","UY","URY","858","ISO 3166-2:UY","Americas","Latin America and the Caribbean","South America","019","419","005",https://gainy-static-production.s3.amazonaws.com/flags/w40/uy.png,https://gainy-static-production.s3.amazonaws.com/flags/32x24/uy.png
"Uzbekistan","UZ","UZB","860","ISO 3166-2:UZ","Asia","Central Asia","","142","143","",https://gainy-static-production.s3.amazonaws.com/flags/w40/uz.png,https://gainy-static-production.s3.amazonaws.com/flags/32x24/uz.png
"Vanuatu","VU","VUT","548","ISO 3166-2:VU","Oceania","Melanesia","","009","054","",https://gainy-static-production.s3.amazonaws.com/flags/w40/vu.png,https://gainy-static-production.s3.amazonaws.com/flags/32x24/vu.png
"Venezuela (Bolivarian Republic of)","VE","VEN","862","ISO 3166-2:VE","Americas","Latin America and the Caribbean","South America","019","419","005",https://gainy-static-production.s3.amazonaws.com/flags/w40/ve.png,https://gainy-static-production.s3.amazonaws.com/flags/32x24/ve.png
"Viet Nam","VN","VNM","704","ISO 3166-2:VN","Asia","South-eastern Asia","","142","035","",https://gainy-static-production.s3.amazonaws.com/flags/w40/vn.png,https://gainy-static-production.s3.amazonaws.com/flags/32x24/vn.png
"Virgin Islands (British)","VG","VGB","092","ISO 3166-2:VG","Americas","Latin America and the Caribbean","Caribbean","019","419","029",https://gainy-static-production.s3.amazonaws.com/flags/w40/vg.png,https://gainy-static-production.s3.amazonaws.com/flags/32x24/vg.png
"Virgin Islands (U.S.)","VI","VIR","850","ISO 3166-2:VI","Americas","Latin America and the Caribbean","Caribbean","019","419","029",https://gainy-static-production.s3.amazonaws.com/flags/w40/vi.png,https://gainy-static-production.s3.amazonaws.com/flags/32x24/vi.png
"Wallis and Futuna","WF","WLF","876","ISO 3166-2:WF","Oceania","Polynesia","","009","061","",https://gainy-static-production.s3.amazonaws.com/flags/w40/wf.png,https://gainy-static-production.s3.amazonaws.com/flags/32x24/wf.png
"Western Sahara","EH","ESH","732","ISO 3166-2:EH","Africa","Northern Africa","","002","015","",https://gainy-static-production.s3.amazonaws.com/flags/w40/eh.png,https://gainy-static-production.s3.amazonaws.com/flags/32x24/eh.png
"Yemen","YE","YEM","887","ISO 3166-2:YE","Asia","Western Asia","","142","145","",https://gainy-static-production.s3.amazonaws.com/flags/w40/ye.png,https://gainy-static-production.s3.amazonaws.com/flags/32x24/ye.png
"Zambia","ZM","ZMB","894","ISO 3166-2:ZM","Africa","Sub-Saharan Africa","Eastern Africa","002","202","014",https://gainy-static-production.s3.amazonaws.com/flags/w40/zm.png,https://gainy-static-production.s3.amazonaws.com/flags/32x24/zm.png
"Zimbabwe","ZW","ZWE","716","ISO 3166-2:ZW","Africa","Sub-Saharan Africa","Eastern Africa","002","202","014",https://gainy-static-production.s3.amazonaws.com/flags/w40/zw.png,https://gainy-static-production.s3.amazonaws.com/flags/32x24/zw.png
