name,QA,id,image_url,description,enabled,personalized,sql_request
1 dollar stocks,1,1,https://gainy-collections-production.s3.amazonaws.com/1%20dollar%20stocks.png,Best stocks under 1 dollar,1,0,where (ct.price <=1.5 AND ct.chrt_1d >=-1 and ct.chrt_1d <=1)
10 Best stocks,1,2,https://gainy-collections-production.s3.amazonaws.com/10%20best%20stocks.png,,0,0,
10 dollars stocks,1,3,https://gainy-collections-production.s3.amazonaws.com/10%20dollar%20stocks.png,Best stocks under $10,1,0,where (ct.price >7 and ct.price <=13 AND ct.chrt_1d >=-0.2 and ct.chrt_1d <=0.2)
100 dollars index fund and ETFs,2,4,https://gainy-collections-production.s3.amazonaws.com/100%20dollars%20index%20fund%20and%20etfs.png,,0,0,where (ct.price between 90 and 110 AND ct.chrt_1d >=-0.2 and ct.chrt_1d <=0.2 AND ct.ttype ilike 'ETF')
100 dollars stocks,1,5,https://gainy-collections-production.s3.amazonaws.com/100%20dollars%20stocks.png,Best stocks under $100,1,0,where (ct.price between 90 and 110 AND ct.chrt_1d >=-0.2 and ct.chrt_1d <=0.2)
2 dollars stocks,1,6,https://gainy-collections-production.s3.amazonaws.com/2%20dollars%20stocks.png,Best stocks under $2,1,0,where (ct.price >1.5 and ct.price <=3 AND ct.chrt_1d >=-1 and ct.chrt_1d <=1)
20 dollars stocks,1,7,https://gainy-collections-production.s3.amazonaws.com/20%20dollars%20stocks.png,Best stocks under $20,1,0,where (ct.price between 17 and 23 AND ct.chrt_1d >=-0.2 and ct.chrt_1d <=0.2)
3D printing ETFs,2,8,https://gainy-collections-production.s3.amazonaws.com/3d%20printing%20etfs.png,,0,0,where (ct.ttype ilike 'ETF') AND (ct.g_industry ilike any(array['3D Printing']))
3D printing stocks,1,9,https://gainy-collections-production.s3.amazonaws.com/3d%20printing%20stocks.png,Companies involved in additive manufacturing,1,0,where (ct.g_industry ilike any(array['3D Printing']))
3d system stock,1,10,https://gainy-collections-production.s3.amazonaws.com/3d%20system%20stocks.png,,0,0,
5 dollars stock,1,11,https://gainy-collections-production.s3.amazonaws.com/5%20dollars%20stocks.png,Best stoks under $5,1,0,where (ct.price >3 and ct.price <=7 AND ct.chrt_1d >=-0.5 and ct.chrt_1d <=0.5)
5$ Biotech Stocks,2,12,https://gainy-collections-production.s3.amazonaws.com/5%20dollars%20biotech%20stocks.png,Best biotech companies under $5,1,0,where (ct.price >3 and ct.price <=7 AND ct.chrt_1d >=-0.5 and ct.chrt_1d <=0.5) AND (ct.g_industry ilike any(array['Biopharmaceutical']))
50 dollars stocks,1,13,https://gainy-collections-production.s3.amazonaws.com/abstract+1.png,Best stocks under $50,1,0,where (ct.price between 45 and 55 AND ct.chrt_1d >=-0.2 and ct.chrt_1d <=0.2)
5G stocks,1,14,https://gainy-collections-production.s3.amazonaws.com/5g%20stocks.png,Companies that work on 5G network,1,0,where (ct.g_industry ilike any(array['Telecom infrastructure']))
AAA raiting stocks,1,15,https://gainy-collections-production.s3.amazonaws.com/aaa%20raiting%20stocks.png,,0,0,
Agriculture,1,16,https://gainy-collections-production.s3.amazonaws.com/agriculture%20stocks.png,Companies that grow crops and produce food,1,0,"where (ct.g_industry ilike any(array['Agriculture & AgTech', 'Bread & Condiments', 'Dairy', 'Fruits & Vegetables', 'Meat & Poultry']))"
AI,1,17,https://gainy-collections-production.s3.amazonaws.com/ai%20companies%20stocks.png,Technology companies that utilize artificial intelligence,1,0,"where (ct.g_industry ilike any(array['Analytics and AI', 'AR/VR', 'Computer Vision and Sensor', 'Healthcare Robotics', 'IoT', 'Precision manufacturing', 'Technology Conglomerate']))"
Airline ETFs,1,18,https://gainy-collections-production.s3.amazonaws.com/airline%20etfs.png,,0,0,
Airlines,1,19,https://gainy-collections-production.s3.amazonaws.com/airline%20stocks.png,Companies involved in air travel,1,0,"where (ct.g_industry ilike any(array['Aircraft Leasing', 'Airlines', 'Online Travel Company']))"
Alcohol Stocks,1,20,https://gainy-collections-production.s3.amazonaws.com/abstract+2.png,Companies that produce and sell wine and liquor,1,0,where (ct.g_industry ilike any(array['Wine & Liquor']))
"AR, VR, XR Stocks",1,21,https://gainy-collections-production.s3.amazonaws.com/ar%20vr%20xr%20stocks.png,"Companies that develop AR, VR, XR",1,0,where (ct.g_industry ilike any(array['AR/VR']))
Automotive stocks,1,22,https://gainy-collections-production.s3.amazonaws.com/automotive%20stocks.png,,0,0,"where (ct.g_industry ilike any(array['Auto Dealer', 'Auto Manufacturers', 'Auto Marketplace', 'Auto Parts & Services', 'Electric Vehicles', 'Recreational Vehicle']))"
Banking ETFs,2,23,https://gainy-collections-production.s3.amazonaws.com/banking%20etfs.png,,0,0,"where (ct.ttype ilike 'ETF') AND (ct.g_industry ilike any(array['Banks', 'Investment Banking & Advisory']))"
Best bonds to buy,2,24,https://gainy-collections-production.s3.amazonaws.com/best%20bonds%20to%20buy.png,,0,0,
Best European Stocks,1,25,https://gainy-collections-production.s3.amazonaws.com/best%20european%20stocks.png,,0,0,
Best index funds,1,26,https://gainy-collections-production.s3.amazonaws.com/best%20index%20funds.png,,0,0,
Best mid cap stocks,1,27,https://gainy-collections-production.s3.amazonaws.com/best%20mid%20cap%20stocks.png,,0,0,
Best of ETFs,1,28,https://gainy-collections-production.s3.amazonaws.com/best%20of%20etfs.png,,0,0,
Best small cap ETFs,1,29,https://gainy-collections-production.s3.amazonaws.com/best%20small%20cap%20etfs.png,,0,0,
Best small cap stocks,1,30,,,0,0,
Best stocks this week,1,31,https://gainy-collections-production.s3.amazonaws.com/best%20stocks%20this%20week.png,,0,0,
Best stocks today,1,32,https://gainy-collections-production.s3.amazonaws.com/best%20stocks%20today.png,,0,0,
Best today and now,1,33,,,0,0,
Best value stock,1,34,https://gainy-collections-production.s3.amazonaws.com/best%20value%20stocks.png,,0,0,
Biggest oil stocks,1,35,https://gainy-collections-production.s3.amazonaws.com/biggest%20oil%20stocks.png,,0,0,
Biotech ETFs,2,36,https://gainy-collections-production.s3.amazonaws.com/biotech%20etfs.png,,0,0,where (ct.ttype ilike 'ETF') AND (ct.g_industry ilike any(array['Biopharmaceutical']))
Biotechnology,1,37,https://gainy-collections-production.s3.amazonaws.com/biotech%20stocks.png,Companies at the frontier of biotech,1,0,"where (ct.g_industry ilike any(array['Biopharmaceutical', 'Laboratory Equipment', 'Cancer disease', 'COVID Pharmaceuticals', 'Dermatology Pharmaceuticals', 'Lung cancer disease']))"
Blue chip stocks,1,38,https://gainy-collections-production.s3.amazonaws.com/blue%20chip%20stocks.png,,0,0,
Cannabis ETFs,2,39,https://gainy-collections-production.s3.amazonaws.com/cannabis%20etfs.png,,0,0,where (ct.ttype ilike 'ETF') AND (ct.g_industry ilike any(array['Cannabis']))
Cannabis Penny stocks,3,40,https://gainy-collections-production.s3.amazonaws.com/cannabis%20penny%20stocks.png,Marijuana companies under 5 dollars,1,0,where (ct.investcat ilike 'Penny' AND ct.price <=5) AND (ct.g_industry ilike any(array['Cannabis']))
Cannabis,1,41,https://gainy-collections-production.s3.amazonaws.com/cannabis%20stocks.png,"Companies engaged in research, development, distribution, and sale of medical and recreational marijuana",1,0,where (ct.g_industry ilike any(array['Cannabis']))
Cars,1,42,https://gainy-collections-production.s3.amazonaws.com/cars%20stocks.png,"Companies involved in production, disctribution or maintenance of cars",1,0,"where (ct.g_industry ilike any(array['Auto Dealer', 'Auto Manufacturers', 'Auto Marketplace', 'Auto Parts & Services', 'Electric Vehicles', 'Recreational Vehicle']))"
Casino,1,43,https://gainy-collections-production.s3.amazonaws.com/casino%20stocks.png,Stocks of casinos and resorts,1,0,where (ct.g_industry ilike any(array['Casino and Resorts']))
Chinese stocks,1,44,https://gainy-collections-production.s3.amazonaws.com/chinese%20stocks.png,All Chinese stocks companies that are listed in USA,1,0,where (ct.country_name ilike '%china%')
Cloud computing stocks,1,45,https://gainy-collections-production.s3.amazonaws.com/cloud%20computing%20stocks.png,Companies that provide Cloud computing,1,0,"where (ct.g_industry ilike any(array['Enterprise Cloud', 'Technology Conglomerate']))"
Coffee stocks,1,46,https://gainy-collections-production.s3.amazonaws.com/coffee%20stocks.png,Coffee and tea companies,1,0,where (ct.g_industry ilike any(array['Coffee & Tea']))
Commodities stocks,1,47,https://gainy-collections-production.s3.amazonaws.com/commodities%20stocks.png,"Energy, metals, livestock and agricultural companies",1,0,"where (ct.g_industry ilike any(array['Agriculture & AgTech', 'Basic Chemicals', 'Specialty Chemicals', 'Coal mining', 'Industrial Conglomerates', 'Industrial Metals', 'Liquified Natural Gas', 'Oil & Gas Producer']))"
Concrete stocks,1,48,https://gainy-collections-production.s3.amazonaws.com/concrete%20stocks.png,Concrete producers and distributors,1,0,"where (ticker_code IN ('SMID','USCR'))"
Construction stocks,1,49,https://gainy-collections-production.s3.amazonaws.com/construction%20stocks.png,Companies that build real estate,1,0,"where (ct.g_industry ilike any(array['Construction & Infrastructure', 'Construction Machinery', 'Home Construction & Maintenance', 'Building Materials', 'Building Products']))"
Consumer staples ETFs,2,50,https://gainy-collections-production.s3.amazonaws.com/consumer%20staples%20etfs.png,,0,0,where (ct.ttype ilike 'ETF' AND ct.gics_sector ilike '%consum%stapl%')
Consumer staples stocks,1,51,https://gainy-collections-production.s3.amazonaws.com/consumer%20staples%20stocks.png,Comsumer staples companies,1,0,where (ct.gics_sector ilike '%consum%stapl%')
Copper ETFs,2,52,https://gainy-collections-production.s3.amazonaws.com/copper%20etfs.png,,0,0,where (ct.ttype ilike 'ETF') AND (ct.g_industry ilike any(array['Industrial Metals']))
Copper stocks,1,53,https://gainy-collections-production.s3.amazonaws.com/copper%20stocks.png,Copper mining companies,1,0,where (ct.g_industry ilike any(array['Industrial Metals']))
Crashed stocks,1,54,https://gainy-collections-production.s3.amazonaws.com/crashed%20stocks.png,,0,0,
Cruise line ETFs,2,55,https://gainy-collections-production.s3.amazonaws.com/cruise%20line%20etfs.png,,0,0,"where (ct.ttype ilike 'ETF') AND (ct.g_industry ilike any(array['Online Travel Company', 'Maritime Transportation']))"
Cruise line stocks,1,56,https://gainy-collections-production.s3.amazonaws.com/abstract+3.png,Companies involved in sea travelling,1,0,"where (ct.g_industry ilike any(array['Online Travel Company', 'Maritime Transportation']))"
Cryptocurrency to invest today,1,57,https://gainy-collections-production.s3.amazonaws.com/cryptocurrency%20to%20invest%20today.png,,0,0,
Daily trading stocks,1,58,https://gainy-collections-production.s3.amazonaws.com/daily%20trading%20stocks.png,,0,0,
Data stocks,1,59,https://gainy-collections-production.s3.amazonaws.com/data%20stocks.png,Companies involved in data storage and management,1,0,"where (ct.g_industry ilike any(array['Analytics and AI', 'Data Centers', 'Data Storage and Management', 'Financial Exchanges & Data', 'Investment Research & Data', 'Mobile Data Capture']))"
Defense stocks,1,60,https://gainy-collections-production.s3.amazonaws.com/defense%20stocks.png,Defense companies,1,0,where (ct.g_industry ilike any(array['Aerospace & Defense']))
Defensive consumer stocks,1,61,https://gainy-collections-production.s3.amazonaws.com/defensive%20consumer%20stocks.png,,0,0,
Development companies stocks,1,62,https://gainy-collections-production.s3.amazonaws.com/development%20companies%20stocks.png,Defense companies,1,0,where (ct.investcat ilike 'Defensive')
Discretionary consumer stocks,1,63,https://gainy-collections-production.s3.amazonaws.com/discretionary%20consumer%20stocks.png,Discretionary consumer companies,1,0,where (ct.gics_sector ilike '%consum%discretionar%')
Dividend ETF,1,64,https://gainy-collections-production.s3.amazonaws.com/dividend%20etf.png,,0,0,
Dividend Gold stocks,2,65,https://gainy-collections-production.s3.amazonaws.com/dividend%20gold%20stocks.png,Gold and silver companies that pay dividends,1,0,where (ct.investcat ilike 'dividend') AND (ct.g_industry ilike any(array['Gold & Silver']))
Dividend growth stocks,1,66,https://gainy-collections-production.s3.amazonaws.com/dividend%20growth%20stocks.png,,0,0,
Dividend Index fund,1,67,https://gainy-collections-production.s3.amazonaws.com/dividend%20index%20fund.png,,0,0,
Dividend Mutual funds,1,68,https://gainy-collections-production.s3.amazonaws.com/dividend%20mutual%20funds.png,,0,0,
Dividend stocks,1,69,https://gainy-collections-production.s3.amazonaws.com/dividend%20stocks.png,,0,0,
Dow Jones chemical stocks,1,70,https://gainy-collections-production.s3.amazonaws.com/dow%20jones%20chemical%20stocks.png,,0,0,
Dow Jones Companies,1,71,https://gainy-collections-production.s3.amazonaws.com/dow%20jones%20companies.png,,0,0,
Drone stock companies,1,72,https://gainy-collections-production.s3.amazonaws.com/drone%20stocks%20companies.png,Drone developers and manufacturers,1,0,where (ct.g_industry ilike any(array['Drones']))
Retail,1,73,https://gainy-collections-production.s3.amazonaws.com/e-commerce%20%26%20retail%20stocks.png,Retail companies,1,0,"where (ct.g_industry ilike any(array['Discount Retail', 'Home and Furniture retail', 'Lease-to-Own Retailer', 'Pawn Shops', 'Retail Brokerage', 'Snacks & Candy', 'Supermarkets', 'TV Shopping Network']))"
Education,1,74,https://gainy-collections-production.s3.amazonaws.com/education%20stocks.png,Companies that build future of the education,1,0,"where (ct.g_industry ilike any(array['Education Services', 'Education Technology', 'Staffing Services', 'Student Loan']))"
Electric vehicles stocks,1,75,https://gainy-collections-production.s3.amazonaws.com/electric%20vehicles%20stocks.png,Electric vehicle companies,1,0,where (ct.g_industry ilike any(array['Electric Vehicles']))
Energy company ETFs,2,76,https://gainy-collections-production.s3.amazonaws.com/energy%20company%20etfs.png,,0,0,"where (ct.ttype ilike 'ETF') AND (ct.g_industry ilike any(array['Clean Energy', 'Renewable Energy', 'Solar Energy', 'Liquified Natural Gas', 'Oil & Gas Producer', 'Oil & Gas Services', 'Electricity Generation', 'Power Generation & Distribution', 'Electronics Power Management']))"
Energy company stocks,1,77,https://gainy-collections-production.s3.amazonaws.com/energy%20company%20stocks.png,"Energy companies including oil, gas, solar",1,0,"where (ct.g_industry ilike any(array['Clean Energy', 'Renewable Energy', 'Solar Energy', 'Liquified Natural Gas', 'Oil & Gas Producer', 'Oil & Gas Services', 'Electricity Generation', 'Power Generation & Distribution', 'Electronics Power Management']))"
Energy Penny stocks,3,78,https://gainy-collections-production.s3.amazonaws.com/energy%20penny%20stocks.png,Energy companies under $5,1,0,"where (ct.investcat ilike 'Penny' AND ct.price <=5) AND (ct.g_industry ilike any(array['Clean Energy', 'Renewable Energy', 'Solar Energy', 'Liquified Natural Gas', 'Oil & Gas Producer', 'Oil & Gas Services', 'Electricity Generation', 'Power Generation & Distribution', 'Electronics Power Management']))"
Entertainment,1,79,https://gainy-collections-production.s3.amazonaws.com/entertinment%20stocks.png,Entertainment companies,1,0,"where (ct.g_industry ilike any(array['Digital Marketing & Advertising', 'Gaming & Esports', 'Streaming', 'TV and Radio']))"
Esport stocks,1,80,https://gainy-collections-production.s3.amazonaws.com/esport%20stocks.png,E-sports companies,1,0,"where (ct.ticker_code IN ('HAS', 'GMBL', 'SLGG', 'INSE', 'AESE', 'EA', 'ATVI', 'TTWO', 'DKNG'))"
European stocks,1,81,https://gainy-collections-production.s3.amazonaws.com/european%20stocks.png,European companies listed in the USA,1,0,where (ct.country_group ilike '%europe%')
EV batteries stocks,1,82,https://gainy-collections-production.s3.amazonaws.com/ev%20batteries%20stocks.png,Companies that supply energy for EV,1,0,where (ct.g_industry ilike any(array['Battery Tech']))
FAANG (big tech) stocks,2,83,https://gainy-collections-production.s3.amazonaws.com/faang%20big%20tech%20stocks.png,"Facebook, Apple, Amazon, Nvidia, Google and similar tech giants",1,0,"where (ct.ticker_code IN ('FB', 'AMZN', 'AAPL', 'NFLX', 'GOOG', 'GOOGL')) OR (ct.g_industry ilike any(array['Technology Conglomerate']))"
Farming stocks,1,84,https://gainy-collections-production.s3.amazonaws.com/farming%20stocks.png,Farming companied,1,0,where (ct.g_industry ilike any(array['Agriculture & AgTech']))
Fast food stocks,1,85,https://gainy-collections-production.s3.amazonaws.com/fast%20food%20stocks.png,,0,0,"where (ct.g_industry ilike any(array['Restaurants', 'Food Delivery']))"
Finance stocks,1,86,https://gainy-collections-production.s3.amazonaws.com/finance%20stocks.png,Companies from the financial sector,1,0,where (ct.gics_sector ilike '%financ%')
Fintech,1,87,https://gainy-collections-production.s3.amazonaws.com/abstract+4.png,Fintech companies,1,0,"where (ct.g_industry ilike any(array['Financial Exchanges & Data', 'Consumer Lending', 'Healthcare Finance', 'Investment Research & Data', 'Payment Systems', 'Security Brokerage & Capital Markets', 'Trading System', 'Cryptocurrency mining', 'Cryptocurrency infrastructure', 'Cryptocurrency brokerage']))"
Flowers food stocks,0,88,https://gainy-collections-production.s3.amazonaws.com/flowers%20food%20stocks.png,,0,0,
Food Delivery stocks,1,89,https://gainy-collections-production.s3.amazonaws.com/food%20delivery%20stocks.png,Food delivery services,1,0,where (ct.g_industry ilike any(array['Food Delivery']))
Food stocks,1,90,https://gainy-collections-production.s3.amazonaws.com/food%20stocks.png,Companies producing food,1,0,"where (ct.g_industry ilike any(array['Bread & Condiments', 'Dairy', 'Fruits & Vegetables', 'Meat & Poultry', 'Restaurants', 'Snacks & Candy', 'Soft/Sports Drink']))"
Fuel stocks,1,91,https://gainy-collections-production.s3.amazonaws.com/fuel%20stocks.png,Oil and gas companies,1,0,"where (ct.g_industry ilike any(array['Liquified Natural Gas', 'Oil & Gas Producer', 'Oil & Gas Services']))"
Furniture and decor stocks,1,92,https://gainy-collections-production.s3.amazonaws.com/furniture%20and%20decor%20stocks.png,Home and furniture retailers,1,0,"where (ct.g_industry ilike any(array['Home and Furniture retail', 'Furnishing & Fixtures']))"
Gambling stocks,1,93,https://gainy-collections-production.s3.amazonaws.com/gambling%20stocks.png,Casino and resorts,1,0,where (ct.g_industry ilike any(array['Casino and Resorts']))
Gaming,1,94,https://gainy-collections-production.s3.amazonaws.com/gaming%20companies%20stocks.png,Stocks of the gaming companies,1,0,where (ct.g_industry ilike any(array['Gaming & Esports']))
Gold & Silver,1,95,https://gainy-collections-production.s3.amazonaws.com/gold%20companies%20stocks.png,Gold and silver mining companies,1,0,"where (ct.g_industry ilike any(array['Gold & Silver', 'Precious Metal Trading']))"
Gold Index funds,1,96,https://gainy-collections-production.s3.amazonaws.com/gold%20index%20funds.png,,0,0,
Golf stocks,0,97,https://gainy-collections-production.s3.amazonaws.com/golf%20stocks.png,,0,0,
Graphene stocks,0,98,https://gainy-collections-production.s3.amazonaws.com/graphene%20stocks.png,,0,0,
Green companies stocks,1,99,https://gainy-collections-production.s3.amazonaws.com/green%20companies%20stocks.png,,0,0,
Green energy,1,100,https://gainy-collections-production.s3.amazonaws.com/green%20energy%20stocks.png,Companies developing alternative energy sources,1,0,"where (ct.g_industry ilike any(array['Battery Tech', 'Clean Energy', 'Renewable Energy', 'Solar Energy']))"
Gril stocks,0,101,https://gainy-collections-production.s3.amazonaws.com/gril%20stocks.png,,0,0,
Growth ETFs,1,102,https://gainy-collections-production.s3.amazonaws.com/growth%20etfs.png,,0,0,
Growth large cap ETFs,1,103,https://gainy-collections-production.s3.amazonaws.com/growth%20large%20cap%20etfs.png,,0,0,
Growth larget cap stocks,2,104,https://gainy-collections-production.s3.amazonaws.com/growth%20larget%20cap%20stocks.png,,0,0,
Growth stocks,1,105,https://gainy-collections-production.s3.amazonaws.com/growth%20stocks.png,,0,0,
Gun stocks,1,106,https://gainy-collections-production.s3.amazonaws.com/gun%20stocks.png,Gun selling companies,1,0,where (ct.g_industry ilike any(array['Security & Protection']))
Health insurance stocks,1,107,https://gainy-collections-production.s3.amazonaws.com/health%20insurance%20stocks.png,Health insurance companies,1,0,"where (ct.g_industry ilike any(array['Insurance Brokers', 'Animals Health insurance']))"
Healthcare ETFs,2,108,https://gainy-collections-production.s3.amazonaws.com/healthcare%20etfs.png,,0,0,where (ct.ttype ilike 'ETF' AND ct.gics_sector ilike '%health%car%')
Health & Fitness,1,109,https://gainy-collections-production.s3.amazonaws.com/healthcare%20stocks.png,Health and fitness companies,1,0,"where (ct.g_industry ilike any(array['Nutrition & Health', 'Outdoor & Lifestyle Products', 'ProSports Management', 'Soft/Sports Drink']))"
Heavy Equipment Stocks,1,110,https://gainy-collections-production.s3.amazonaws.com/heavy%20equipment%20stocks.png,Heavy machinery producers,1,0,"where (ct.g_industry ilike any(array['Construction Machinery', 'Heavy Machinery & Parts']))"
High PE stocks,1,111,https://gainy-collections-production.s3.amazonaws.com/high%20pe%20stocks.png,,0,0,
High risk high reward stocks,1,112,https://gainy-collections-production.s3.amazonaws.com/high%20risk%20high%20reward%20stocks.png,,0,0,
High volatility stocks,1,113,https://gainy-collections-production.s3.amazonaws.com/high%20volatility%20stocks.png,,0,0,
Highest risk stocks,1,114,https://gainy-collections-production.s3.amazonaws.com/highest%20risk%20stocks.png,,0,0,
Hotel stocks,1,115,https://gainy-collections-production.s3.amazonaws.com/hotel%20stocks.png,Hotel companies,1,0,"where (ct.g_industry ilike any(array['Hotels', 'Casino and Resorts']))"
Information security stocks,1,116,https://gainy-collections-production.s3.amazonaws.com/information%20security%20stocks.png,Information security companies,1,0,"where (ct.g_industry ilike any(array['Cybersecurity', 'Identity & Authentication']))"
Infrastructure stocks,1,117,https://gainy-collections-production.s3.amazonaws.com/infrastructure%20stocks.png,Infrastructure builders,1,0,"where (ct.g_industry ilike any(array['Telecom Infrastructure', 'Construction & Infrastructure', 'Infrastructure Investment Fund', 'Parking']))"
Insurance,1,118,https://gainy-collections-production.s3.amazonaws.com/insurance%20stocks.png,Insurance companies,1,0,"where (ct.g_industry ilike any(array['Debt Collections', 'Animals Health insurance', 'Insurance Brokers', 'Insurance Marketplace & Technology', 'Mortgage Insurance Company', 'Property & Casualty Insurance', 'Reinsurance']))"
International stocks,1,119,https://gainy-collections-production.s3.amazonaws.com/international%20stocks.png,Companies around the world,1,0,where (ct.country_name not ilike '%united%states%' AND ct.country_name not ilike '%usa%')
Internet of things stocks,1,120,https://gainy-collections-production.s3.amazonaws.com/internet%20of%20things%20stocks.png,Companies developing IoT,1,0,where (ct.g_industry ilike any(array['IoT']))
Large cap index funds,1,121,https://gainy-collections-production.s3.amazonaws.com/large%20cap%20index%20funds.png,,0,0,
Large cap stocks,1,122,https://gainy-collections-production.s3.amazonaws.com/large%20cap%20stocks.png,,0,0,
Latam Airlines Stocks,1,123,https://gainy-collections-production.s3.amazonaws.com/latam%20airlines%20stocks.png,Airlines based in Latin America,1,0,where (ct.country_group ilike '%latam%') AND (ct.g_industry ilike any(array['Airlines']))
Latam stocks,1,124,https://gainy-collections-production.s3.amazonaws.com/abstract+5.png,Latin American companies listed in the USA,1,0,where (ct.country_group ilike '%latam%')
Lithium stocks,1,125,https://gainy-collections-production.s3.amazonaws.com/lithium%20stocks.png,Lithium companies,1,0,"where (ct.ticker_code IN ('ULBI', 'FLUX', 'TANH', 'PLL', 'SEDG'))"
Long term stocks,1,126,https://gainy-collections-production.s3.amazonaws.com/long%20term%20stocks.png,,0,0,
Meat stocks,1,127,https://gainy-collections-production.s3.amazonaws.com/meat%20stocks.png,Meat companies,1,0,where (ct.g_industry ilike any(array['Meat & Poultry']))
Medical supplies company stocks,1,128,https://gainy-collections-production.s3.amazonaws.com/medical%20supplies%20company%20stocks.png,Medical supplies companies,1,0,"where (ct.g_industry ilike any(array['Cardiovascular Services & Equipment', 'Dermatology services & Equipment', 'Healthcare and COVID services', 'Healthcare services', 'Healthcare services & Equipment', 'Implants & Equipment', 'Laboratory Equipment', 'Health Supplements']))"
Mining companies stocks,1,129,https://gainy-collections-production.s3.amazonaws.com/mining%20companies%20stocks.png,Mining companies,1,0,"where (ct.g_industry ilike any(array['Coal mining', 'Gold & Silver', 'Industrial Metals']))"
MLP to invest,1,130,https://gainy-collections-production.s3.amazonaws.com/mlp%20to%20invest.png,Master Limited Partnership companies from natural resources and real estate sectors,1,0,where (ct.g_industry ilike any(array['Industrial estate investment trust']))
Monopolies stocks,0,131,https://gainy-collections-production.s3.amazonaws.com/monopolies%20stocks.png,,0,0,
Municipal bonds,1,132,https://gainy-collections-production.s3.amazonaws.com/municipal%20bonds.png,,0,0,
Nanotechnology stocks,1,133,https://gainy-collections-production.s3.amazonaws.com/nanotechnology%20stocks.png,Nanotechnology developers,1,0,where (ct.g_industry ilike any(array['Nanotechnology']))
Natural gas stocks,1,134,https://gainy-collections-production.s3.amazonaws.com/natural%20gas%20stocks.png,Natural gas companies,1,0,"where (ct.g_industry ilike any(array['Liquified Natural Gas', 'Oil & Gas Producer']))"
Nuclear energy stocks,1,135,https://gainy-collections-production.s3.amazonaws.com/nuclear%20energy%20stocks.png,Nuclear energy companies,1,0,"where (ct.ticker_code IN ('LBTR','AEP','EXC','XEL','PESI','HOLI','GVP'))"
Oil ETF,2,136,https://gainy-collections-production.s3.amazonaws.com/oil%20etf.png,,0,0,"where (ct.ttype ilike 'ETF') AND (ct.g_industry ilike any(array['Oil & Gas Producer', 'Oil & Gas Services']))"
Oil short ETF,1,137,https://gainy-collections-production.s3.amazonaws.com/oil%20short%20etf.png,,0,0,
Oil stocks,1,138,https://gainy-collections-production.s3.amazonaws.com/oil%20stocks.png,Oil producers,1,0,"where (ct.g_industry ilike any(array['Oil & Gas Producer', 'Oil & Gas Services']))"
Penny stocks,2,139,https://gainy-collections-production.s3.amazonaws.com/penny%20stocks.png,Best stocks under $1,1,0,where (ct.investcat ilike 'Penny' AND ct.price <=1.5 AND ct.chrt_1d >=-0.2 and ct.chrt_1d <=0.2)
Pharmaceuticals,1,140,https://gainy-collections-production.s3.amazonaws.com/pharmaceutical%20stocks.png,Pharmaceutical companies,1,0,"where (ct.g_industry ilike any(array['Health Supplements', 'Medical/Cosmetic Ingredients', 'Pharmaceuticals', 'Pharmacies', 'Nutrition & Health']))"
Pink sheets stocks,1,141,https://gainy-collections-production.s3.amazonaws.com/pink%20sheets%20stocks.png,,0,0,
Precious metals stocks,1,142,https://gainy-collections-production.s3.amazonaws.com/precious%20metals%20stocks.png,Precious metals mining companies,1,0,"where (ct.g_industry ilike any(array['Precious Metal Trading', 'Gold & Silver']))"
Preferred stock funds,1,143,https://gainy-collections-production.s3.amazonaws.com/preferred%20stock%20funds.png,,0,0,
Prisons stocks,1,144,https://gainy-collections-production.s3.amazonaws.com/prisons%20stocks.png,,0,0,
Real estate,1,145,https://gainy-collections-production.s3.amazonaws.com/real%20estate%20stocks.png,Companies that manage different types of property,1,0,"where (ct.g_industry ilike any(array['Real Estate Brokerage & Services', 'Data Centers', 'Real Estate Investment & Development', 'Health Care REIT', 'Hotels', 'Industrial estate investment trust', 'Land & Farm estate investments', 'Mortgage investments', 'Office estate investments', 'Real Estate Property Management', 'Real Estate Technology', 'Retail estate investments']))"
Recent IPOs,1,146,https://gainy-collections-production.s3.amazonaws.com/recent%20ipos.png,Global IPOs that happen over last 6 months,1,0,where (ct.ipo_date > (CURRENT_DATE - interval '6 month'))
Recession stocks,1,147,https://gainy-collections-production.s3.amazonaws.com/recession%20stocks.png,,0,0,
Restaurants,1,148,https://gainy-collections-production.s3.amazonaws.com/restaurant%20stocks.png,Dining chains and food deliveries,1,0,"where (ct.g_industry ilike any(array['Restaurants', 'Food Delivery']))"
Robotics company stocks,1,149,https://gainy-collections-production.s3.amazonaws.com/robotics%20company%20stocks.png,Robotics companies,1,0,"where (ct.g_industry ilike any(array['Healthcare Robotics', 'Analytics and AI', 'Computer Vision and Sensor', 'IoT', 'Precision manufacturing']))"
Russell 2000 stocks,1,150,https://gainy-collections-production.s3.amazonaws.com/russell%202000%20stocks.png,,0,0,
Schwab index funds,1,151,https://gainy-collections-production.s3.amazonaws.com/schwab%20index%20funds.png,,0,0,
Schwab mutual funds,1,152,https://gainy-collections-production.s3.amazonaws.com/schwab%20mutual%20funds.png,,0,0,
Self driving car stocks,2,153,https://gainy-collections-production.s3.amazonaws.com/self%20driving%20car%20stocks.png,Companies developing self-driving cars,1,0,"where (ct.ticker_code IN ('LAZR', 'F', 'APTV', 'TSLA', 'GOOGL', 'XPEV', 'AMBA', 'QCOM', 'NVDA'))"
Semiconductors,1,154,https://gainy-collections-production.s3.amazonaws.com/semiconductors%20stocks.png,Semiconductor companies,1,0,"where (ct.g_industry ilike any(array['Memory and Storage', 'Semiconductor Equipments', 'Semiconductor Manufacturing', 'Semiconductor Materials']))"
Shipping stocks,1,155,https://gainy-collections-production.s3.amazonaws.com/shipping%20stocks.png,Shipping companies,1,0,"where (ct.g_industry ilike any(array['Air Cargo Transport', 'Maritime Transportation', 'Rail Freight', 'Supply Chain Services', 'Trucking']))"
Ships stocks,1,156,https://gainy-collections-production.s3.amazonaws.com/ships%20stocks.png,Maritime shipping companies,1,0,where (ct.g_industry ilike any(array['Maritime Transportation']))
Shorted stocks,1,157,https://gainy-collections-production.s3.amazonaws.com/shorted%20stocks.png,,0,0,
Silver companies stocks,1,158,https://gainy-collections-production.s3.amazonaws.com/silver%20companies%20stocks.png,Silver mining companies,1,0,where (ct.g_industry ilike any(array['Gold & Silver']))
Silver ETFs,2,159,https://gainy-collections-production.s3.amazonaws.com/silver%20ETFs.png,,0,0,where (ct.ttype ilike 'ETF') AND (ct.g_industry ilike any(array['Gold & Silver']))
Small Cap companies stocks,1,160,https://gainy-collections-production.s3.amazonaws.com/small%20cap%20companies%20stocks.png,,0,0,
Space stocks,1,161,https://gainy-collections-production.s3.amazonaws.com/space%20stocks.png,Companies involved in the space exploration,1,0,where (ct.g_industry ilike any(array['Aerospace & Defense']))
Steel stocks,1,162,https://gainy-collections-production.s3.amazonaws.com/steel%20stocks.png,Steel producers,1,0,"where (ct.ticker_code IN ('ZEUS', 'SCHN', 'STLD', 'USAP', 'ZKIN'))"
Stocks in sports,1,163,https://gainy-collections-production.s3.amazonaws.com/stocks%20in%20sports.png,Sports companies,1,0,where (ct.g_industry ilike any(array['ProSports Management']))
Stocks rated buy,1,164,https://gainy-collections-production.s3.amazonaws.com/stocks%20rated%20buy.png,,0,0,
Stocks to buy now,1,165,https://gainy-collections-production.s3.amazonaws.com/stocks%20to%20buy%20now.png,,0,0,
Stocks to buy this week,1,166,https://gainy-collections-production.s3.amazonaws.com/stocks%20to%20buy%20this%20week.png,,0,0,
Stocks to watch next week,1,167,https://gainy-collections-production.s3.amazonaws.com/stocks%20to%20watch%20next%20week.png,,0,0,
Stocks to watch this week,1,168,https://gainy-collections-production.s3.amazonaws.com/stocks%20to%20watch%20this%20week.png,,0,0,
Technology stocks,1,169,https://gainy-collections-production.s3.amazonaws.com/technology%20stocks.png,Tech companies,1,0,"where (ct.gics_sector ilike '%technolog%') AND (ct.g_industry ilike any(array['Consulting Services', 'Industrial Conglomerates']))"
Telecom stocks,1,170,https://gainy-collections-production.s3.amazonaws.com/telecom%20stocks.png,Telecom companies,1,0,"where (ct.g_industry ilike any(array['Telecom Infrastructure', 'Internet and Cellular Provider']))"
Toilet paper companies stocks,1,171,https://gainy-collections-production.s3.amazonaws.com/toilet%20paper%20companies%20stocks.png,Most important companies,1,0,"where (ct.ticker_code IN ('WMT', 'PG', 'KMB', 'ITP', 'CLW', 'COST', 'KR'))"
Transportation stocks,1,172,https://gainy-collections-production.s3.amazonaws.com/transportation%20stocks.png,Companies providing transportation by all means of transport,1,0,"where (ct.g_industry ilike any(array['Aircraft Leasing', 'Rail Freight', 'Air Cargo Transport', 'Maritime Transportation']))"
Travel stocks,1,173,https://gainy-collections-production.s3.amazonaws.com/travel%20stocks.png,Travel companies,1,0,"where (ct.g_industry ilike any(array['Airlines', 'Casino and Resorts', 'Hotels', 'Online Travel Company', 'Vehicle Rental']))"
Triple leveraged ETFs,1,174,https://gainy-collections-production.s3.amazonaws.com/triple%20leveraged%20ETFs.png,,0,0,
Trucking,1,175,https://gainy-collections-production.s3.amazonaws.com/trucking%20stocks.png,Trucking companies,1,0,"where (ct.g_industry ilike any(array['Auto Parts & Services', 'Trucking']))"
US Food stocks,1,176,https://gainy-collections-production.s3.amazonaws.com/us%20food%20stocks.png,Food compnies in the USA,1,0,"where (ct.country_name ilike '%united states%' OR ct.country_name ilike '%usa%') AND (ct.g_industry ilike any(array['Bread & Condiments', 'Restaurants', 'Dairy', 'Fruits & Vegetables', 'Meat & Poultry', 'Snacks & Candy', 'Soft/Sports Drink']))"
USA Technology stocks,1,177,https://gainy-collections-production.s3.amazonaws.com/usa%20technology%20stocks.png,Tech companies in the USA,1,0,where (ct.gics_sector ilike '%technolog%' AND (ct.country_name ilike '%united states%' OR ct.country_name ilike '%usa%'))
Utilities ETFs,2,178,https://gainy-collections-production.s3.amazonaws.com/Utilities%20ETFs.png,,0,0,where (ct.ttype ilike 'ETF' AND ct.gics_sector ilike '%utilities%')
Utilities,1,179,https://gainy-collections-production.s3.amazonaws.com/Utilities%20stocks.png,Electricity and waste management companies,1,0,"where (ct.g_industry ilike any(array['Cleaning & Decontamination', 'Electricity Generation', 'Electronics Power Management', 'Lighting Systems', 'Waste Management', 'Water Management']))"
Utility stocks,1,180,https://gainy-collections-production.s3.amazonaws.com/Utility%20stocks.png,,0,0,
Vanguard Biotech ETFs,1,181,https://gainy-collections-production.s3.amazonaws.com/Vanguard%20Biotech%20ETFs.png,,0,0,
Vanguard Bond ETFs,2,182,https://gainy-collections-production.s3.amazonaws.com/Vanguard%20Bond%20ETFs.png,,0,0,
Vanguard bond index funds,2,183,https://gainy-collections-production.s3.amazonaws.com/Vanguard%20bond%20index%20funds.png,,0,0,
Vanguard Dividend ETF,1,184,https://gainy-collections-production.s3.amazonaws.com/Vanguard%20Dividend%20ETF.png,,0,0,
Vanguard Energy ETFs,1,185,https://gainy-collections-production.s3.amazonaws.com/Vanguard%20Energy%20ETFs.png,,0,0,
Vanguard ETFs,1,186,https://gainy-collections-production.s3.amazonaws.com/Vanguard%20ETFs.png,,0,0,
Vanguard mid cap ETFs,1,187,https://gainy-collections-production.s3.amazonaws.com/Vanguard%20mid%20cap%20ETFs.png,,0,0,
Vanguard NASDAQ ETFs,1,188,https://gainy-collections-production.s3.amazonaws.com/Vanguard%20NASDAQ%20ETFs.png,,0,0,
Vanguard oil etf,1,189,https://gainy-collections-production.s3.amazonaws.com/Vanguard%20oil%20etf.png,,0,0,
Vulcan materials stocks,1,190,https://gainy-collections-production.s3.amazonaws.com/Vulcan%20materials%20stocks.png,,0,0,where (ct.ticker_code ='VMC')
Waste management stocks,1,191,https://gainy-collections-production.s3.amazonaws.com/Waste%20management%20stocks.png,Waste management companies,1,0,"where (ct.g_industry ilike any(array['Waste Management', 'Cleaning & Decontamination']))"
Water companies stocks,1,192,https://gainy-collections-production.s3.amazonaws.com/Water%20companies%20stocks.png,Water management companies,1,0,where (ct.g_industry ilike any(array['Water Management']))
Wine stocks,1,193,https://gainy-collections-production.s3.amazonaws.com/Wine%20stocks.png,Wine and liquor producers,1,0,where (ct.g_industry ilike any(array['Wine & Liquor']))
Heavily Shorted,1,194,https://gainy-collections-production.s3.amazonaws.com/heavily%20shorted.png,,0,0,
Underdogs,1,195,https://gainy-collections-production.s3.amazonaws.com/underdogs.png,,0,0,
Hot Stocks,1,196,https://gainy-collections-production.s3.amazonaws.com/hot%20stocks.png,,0,0,
Earnings Surprise,1,197,https://gainy-collections-production.s3.amazonaws.com/earnings%20surprise.png,,0,0,
ESG,1,198,https://gainy-collections-production.s3.amazonaws.com/esg.png,,0,0,
Cable & Satellite,0,199,https://gainy-collections-production.s3.amazonaws.com/cable%20%26%20satellite.png,Cable and Satellite companies,1,0,"where (ct.g_industry ilike any(array['Telecom infrastructure', 'Satellite Communication', 'TV and Radio']))"
Consumer Electronics,0,200,https://gainy-collections-production.s3.amazonaws.com/Consumer%20Electronics.png,Companies that produce and sell consumer electronic appliances,1,0,"where (ct.g_industry ilike any(array['Drones', 'Electronic Display', 'Electronics Manufacturing', 'Industrial Conglomerates', 'IoT', 'Technology Conglomerate']))"
Hotels & Cruise Lines,0,201,https://gainy-collections-production.s3.amazonaws.com/Hotels%20%26%20Cruise%20Lines.png,Touristic service providers,1,0,"where (ct.g_industry ilike any(array['Hotels', 'Online Travel Company', 'Vehicle Rental', 'Maritime Transportation']))"
Publishing,0,202,https://gainy-collections-production.s3.amazonaws.com/Publishing.png,Publishers,1,0,"where (ct.g_industry ilike any(array['Digital Content Publisher', 'Digital Marketing & Advertising', 'Digital Media/Web', 'Print Marketing', 'Publishers']))"
Technology Hardware,0,203,https://gainy-collections-production.s3.amazonaws.com/Technology%20Hardware.png,Technology hardware producers,1,0,"where (ct.g_industry ilike any(array['3D Printing', 'Telecom infrastructure', 'Computer Vision and Sensor', 'Data Storage and Management', 'Electronic Components', 'Electronic Display', 'Electronics Manufacturing', 'Memory and Storage', 'Network Equipment', 'Power Generation & Distribution', 'Video Technology']))"
Enterprise Software and Services,0,204,https://gainy-collections-production.s3.amazonaws.com/Enterprise%20Software%20and%20Services.png,B2B software solutions and services,1,0,"where (ct.g_industry ilike any(array['Business Intelligence', 'Cloud-Based Communications', 'Consulting Services', 'Contract Management', 'Enterprise Software and Services', 'Distributed Work Tools', 'Identity & Authentication', 'Technology Consulting']))"
Banks,0,205,https://gainy-collections-production.s3.amazonaws.com/banking%20etfs.png,Bank and financial-related organizations,1,0,"where (ct.g_industry ilike any(array['Auto Financing', 'Banks', 'Consumer Lending', 'Investment Banking & Advisory', 'Investment Management Firm', 'Residential Mortgage Financing']))"
Luxuries,0,206,https://gainy-collections-production.s3.amazonaws.com/Luxuries.png,Companies with premium products and services,1,0,"where (ct.g_industry ilike any(array['Apparel Manufacturing & Retail', 'Luxury Retail', 'Outdoor & Lifestyle Products']))"
Ecommerce,0,207,https://gainy-collections-production.s3.amazonaws.com/e-commerce+%26+retail+stocks.png,E-commerce platforms,1,0,"where (ct.g_industry ilike any(array['E-commerce Operations', 'E-commerce Platforms', 'Technology Conglomerate']))"
Homebuilding,0,208,https://gainy-collections-production.s3.amazonaws.com/Homebuilding.png,Homebuilding companies,1,0,"where (ct.g_industry ilike any(array['Building Materials', 'Building Products', 'Construction & Infrastructure', 'Furnishing & Fixtures', 'Home Construction & Maintenance', 'Household Products', 'Modular Office & Storage', 'Parking']))"
Oil & Gas,0,209,https://gainy-collections-production.s3.amazonaws.com/oil%20short%20etf.png,Oil and gas companies,1,0,"where (ct.g_industry ilike any(array['Liquified Natural Gas', 'Oil & Gas Producer', 'Oil & Gas Services', 'Plastics']))"
Internet Infrastructure,0,210,https://gainy-collections-production.s3.amazonaws.com/internet%20infrastructure.png,All companies involved in the Internet provision,1,0,"where (ct.g_industry ilike any(array['Cybersecurity', 'Data Centers', 'Domain Registry', 'Enterprise Cloud', 'Fiber Optics and Laser', 'Internet and Cellular Provider', 'Network Equipment', 'Technology Conglomerate', 'Telecom Infrastructure']))"
SPACs,0,211,https://gainy-collections-production.s3.amazonaws.com/SPACs.png,Special Purpose Acquisiton Companies,1,0,where (ct.g_industry ilike any(array['Shell company & SPAC']))
Social media,0,212,https://gainy-collections-production.s3.amazonaws.com/Social%20media.png,Social media companies,1,0,where (ct.g_industry ilike any(array['Social Media']))
Gig Economy,0,213,https://gainy-collections-production.s3.amazonaws.com/Gig_economy.png,Companies with focus on short-term labor market,1,0,"where (ct.g_industry ilike any(array['E-commerce Platforms', 'Payment Systems', 'Sharing Economy', 'Food Delivery']))"
Sharing economy,0,214,https://gainy-collections-production.s3.amazonaws.com/Sharing%20economy.png,Companies supporting sharing economy,1,0,where (ct.g_industry ilike any(array['Sharing Economy']))
Beverages,0,215,https://gainy-collections-production.s3.amazonaws.com/Beverages.png,Comapnies producing all sorts of drinks,1,0,"where (ct.g_industry ilike any(array['Coffee & Tea', 'Soft/Sports Drink', 'Wine & Liquor']))"
Streaming,0,216,https://gainy-collections-production.s3.amazonaws.com/Streaming.png,Streaming services,1,0,where (ct.g_industry ilike any(array['Streaming']))
Advanced Materials,0,217,https://gainy-collections-production.s3.amazonaws.com/Advanced%20Materials.png,Companies that develop and produce cutting-edge materials and nanotechnologies,1,0,"where (ct.g_industry ilike any(array['Advanced Materials', 'Nanotechnology']))"
Aerospace & Defense,0,218,https://gainy-collections-production.s3.amazonaws.com/Aerospace%20%26%20Defense.png,Stocks of aerospace and defense companies,1,0,where (ct.g_industry ilike any(array['Aerospace & Defense']))
Animal health,0,219,https://gainy-collections-production.s3.amazonaws.com/Animal%20health.png,Companies inveloved in animal care,1,0,"where (ct.g_industry ilike any(array['Animal health', 'Pets']))"
Cure diseases,0,220,https://gainy-collections-production.s3.amazonaws.com/Cure%20diseases.png,Pharmaceutical companies working on treatment of rare diseases,1,0,"where (ct.g_industry ilike any(array['Autoimmune disease', 'Cardiovascular Services & Equipment', 'Pharmaceuticals & Drugs discovery', 'Dystrophy disease', 'Eye disease', 'Gastroenterological disease', 'Kidney disease', 'Leukemia disease', 'Liver disease', 'Neurological disease', 'Pneumonia disease', 'Rare disease', 'Respiratory disease', 'Sleep disorder', 'Transplantology']))"
Healthcare equipment,0,221,https://gainy-collections-production.s3.amazonaws.com/Healthcare%20equipment.png,Healthcare equipment providers,1,0,"where (ct.g_industry ilike any(array['Cardiovascular Services & Equipment', 'Healthcare and COVID services', 'Dermatology services & Equipment', 'Healthcare services', 'Implants & Equipment']))"
Healthcare services,0,222,https://gainy-collections-production.s3.amazonaws.com/Healthcare%20services.png,Providers of healthcare services,1,0,"where (ct.g_industry ilike any(array['Healthcare services & Equipment', 'Hospitals', 'Healthcare Information technology', 'People care']))"
Investment funds,0,223,https://gainy-collections-production.s3.amazonaws.com/Investment%20funds.png,Investment funds,1,0,"where (ct.g_industry ilike any(array['Asset-Based Finance Company', 'Closed-end mutual fund', 'Crowdfunding platform', 'Infrastructure Investment Fund', 'Retirement Asset Management', 'Traded Growth/Venture Funds', 'Traded Private Investment Funds', 'Wealth Management']))"
Logistics,0,224,https://gainy-collections-production.s3.amazonaws.com/Logistics.png,Logistics and transportation companies,1,0,"where (ct.g_industry ilike any(array['Air Cargo Transport', 'Container and Packaging', 'Maritime Transportation', 'Rail Freight', 'Retail Supply Chain', 'Supply Chain Services', 'Supply Chain Technology']))"
Machinery,0,225,https://gainy-collections-production.s3.amazonaws.com/Machinery.png,Machinery producers,1,0,"where (ct.g_industry ilike any(array['Construction Machinery', 'Heavy Machinery & Parts']))"
Man's health,0,226,https://gainy-collections-production.s3.amazonaws.com/Mans%20health.png,Man's health products and services,1,0,where (ct.g_industry ilike any(array['Man''s health']))
Resource mining,0,227,https://gainy-collections-production.s3.amazonaws.com/Resource%20mining.png,Mining companies,1,0,"where (ct.g_industry ilike any(array['Basic Chemicals', 'Coal mining', 'Industrial Metals', 'Specialty Chemicals']))"
Security & Protection,0,228,https://gainy-collections-production.s3.amazonaws.com/Security%20%26%20Protection.png,Security and protection companies,1,0,"where (ct.g_industry ilike any(array['Mobile Data Capture', 'Security & Protection']))"
Women's health,0,229,https://gainy-collections-production.s3.amazonaws.com/Womens%20health.png,Women's health companies,1,0,where (ct.g_industry ilike any(array['Women''s health']))
EV charging companies,0,230,https://gainy-collections-production.s3.amazonaws.com/EV%20charging%20companies.png,EV charging companies,1,0,"where (ticker_code IN ('BLNK','EVGO','TSLA','CHPT','RDS.A','RDS.B','BP','TPGY'))"
Top-20 for you,0,231,https://gainy-collections-production.s3.amazonaws.com/top%2020%20for%20you.png,,1,1,
